episode_reward_max,episode_reward_min,episode_reward_mean,episode_len_mean,episodes_this_iter,num_healthy_workers,timesteps_total,done,episodes_total,training_iteration,experiment_id,date,timestamp,time_this_iter_s,time_total_s,pid,hostname,node_ip,time_since_restore,timesteps_since_restore,iterations_since_restore,hist_stats/episode_reward,hist_stats/episode_lengths,sampler_perf/mean_env_wait_ms,sampler_perf/mean_raw_obs_processing_ms,sampler_perf/mean_inference_ms,sampler_perf/mean_action_processing_ms,timers/sample_time_ms,timers/sample_throughput,timers/load_time_ms,timers/load_throughput,timers/learn_time_ms,timers/learn_throughput,timers/update_time_ms,info/num_steps_sampled,info/num_steps_trained,perf/cpu_util_percent,perf/ram_util_percent,info/learner/default_policy/cur_kl_coeff,info/learner/default_policy/cur_lr,info/learner/default_policy/total_loss,info/learner/default_policy/policy_loss,info/learner/default_policy/vf_loss,info/learner/default_policy/vf_explained_var,info/learner/default_policy/kl,info/learner/default_policy/entropy,info/learner/default_policy/entropy_coeff
-21.0,-21.0,-21.0,1013.0,1,2,4000,False,1,1,233dc689b856488aa560b8a66fa84465,2021-02-07_17-48-41,1612716521,444.36105608940125,444.36105608940125,18237,esfinge,147.96.71.224,444.36105608940125,0,1,[-21.0],[1013],1.1468940469874316,0.16123136837800583,2.460704810139181,0.053165913343072115,8215.401,486.89,1945.72,2055.795,434025.555,9.216,6.08,4000,4000,79.51987381703469,7.956782334384859,0.20000000298023224,4.999999873689376e-05,0.22059442,0.0007629827,0.21919315,0.5205629,0.003191428,0.02245793,0.0
-21.0,-21.0,-21.0,1018.5,3,2,8000,False,4,2,233dc689b856488aa560b8a66fa84465,2021-02-07_17-56-03,1612716963,441.49708795547485,885.8581440448761,18237,esfinge,147.96.71.224,885.8581440448761,0,2,"[-21.0, -21.0, -21.0, -21.0]","[1025, 1013, 1023, 1013]",1.11564217817648,0.16462090412020902,2.4416678796195295,0.052375261409927466,8078.48,495.143,1214.074,3294.691,433479.152,9.228,6.059,8000,8000,79.58920634920635,8.836984126984127,0.10000000149011612,4.999999873689376e-05,0.11994598,0.0010888875,0.116365284,0.66168,0.024917927,0.06979129,0.0
-21.0,-21.0,-21.0,1024.25,4,2,12000,False,8,3,233dc689b856488aa560b8a66fa84465,2021-02-07_18-03-25,1612717405,441.55138087272644,1327.4095249176025,18237,esfinge,147.96.71.224,1327.4095249176025,0,3,"[-21.0, -21.0, -21.0, -21.0, -21.0, -21.0, -21.0, -21.0]","[1039, 1025, 1020, 1036, 1013, 1025, 1013, 1023]",1.113187699520086,0.16382342416922485,2.436445948130695,0.05218101664922531,8040.473,497.483,970.763,4120.469,433306.266,9.231,5.956,12000,12000,79.59285714285714,9.084920634920636,0.15000000596046448,4.999999873689376e-05,0.08314019,0.0014334549,0.08170261,0.7097505,2.7469814e-05,0.0017500308,0.0
-21.0,-21.0,-21.0,1023.75,4,2,16000,False,12,4,233dc689b856488aa560b8a66fa84465,2021-02-07_18-10-47,1612717847,441.43544268608093,1768.8449676036835,18237,esfinge,147.96.71.224,1768.8449676036835,0,4,"[-21.0, -21.0, -21.0, -21.0, -21.0, -21.0, -21.0, -21.0, -21.0, -21.0, -21.0, -21.0]","[1025, 1003, 1033, 1030, 1013, 1025, 1013, 1023, 1039, 1025, 1020, 1036]",1.1127932404417729,0.16381352039140365,2.4336679929120724,0.05208194388222347,8024.743,498.458,846.714,4724.147,433189.932,9.234,6.035,16000,16000,79.60603174603173,9.318412698412699,0.07500000298023224,4.999999873689376e-05,0.036300056,0.00025677946,0.036040667,0.81768733,3.4823104e-05,0.0028038868,0.0
-21.0,-21.0,-21.0,1021.25,4,2,20000,False,16,5,233dc689b856488aa560b8a66fa84465,2021-02-07_18-18-09,1612718289,441.6917824745178,2210.5367500782013,18237,esfinge,147.96.71.224,2210.5367500782013,0,5,"[-21.0, -21.0, -21.0, -21.0, -21.0, -21.0, -21.0, -21.0, -21.0, -21.0, -21.0, -21.0, -21.0, -21.0, -21.0, -21.0]","[1009, 1011, 1011, 1024, 1013, 1025, 1013, 1023, 1039, 1025, 1020, 1036, 1025, 1003, 1033, 1030]",1.1126152085094292,0.16400523075391282,2.4319677704685576,0.05201629293277364,8017.862,498.886,774.107,5167.244,433167.092,9.234,5.94,20000,20000,79.58874801901743,9.035340729001586,0.03750000149011612,4.999999873689376e-05,0.019865392,-0.0011219087,0.020304067,0.91026676,0.018219432,0.056657095,0.0
-21.0,-21.0,-21.0,1019.75,4,2,24000,False,20,6,233dc689b856488aa560b8a66fa84465,2021-02-07_18-25-30,1612718730,440.77996945381165,2651.316719532013,18237,esfinge,147.96.71.224,2651.316719532013,0,6,"[-21.0, -21.0, -21.0, -21.0, -21.0, -21.0, -21.0, -21.0, -21.0, -21.0, -21.0, -21.0, -21.0, -21.0, -21.0, -21.0, -21.0, -21.0, -21.0, -21.0]","[1011, 1008, 1020, 1016, 1013, 1025, 1013, 1023, 1039, 1025, 1020, 1036, 1025, 1003, 1033, 1030, 1009, 1011, 1011, 1024]",1.1126192486501751,0.16398540022349298,2.430658815784831,0.05196058742488489,8009.845,499.385,725.223,5515.545,433002.605,9.238,5.897,24000,24000,79.59777070063694,9.31608280254777,0.03750000149011612,4.999999873689376e-05,0.0145600345,-0.0022628456,0.016822752,0.9248719,3.4353232e-06,2.8267766e-07,0.0
-21.0,-21.0,-21.0,1019.2083333333334,4,2,28000,False,24,7,233dc689b856488aa560b8a66fa84465,2021-02-07_18-32-51,1612719171,441.40922117233276,3092.7259407043457,18237,esfinge,147.96.71.224,3092.7259407043457,0,7,"[-21.0, -21.0, -21.0, -21.0, -21.0, -21.0, -21.0, -21.0, -21.0, -21.0, -21.0, -21.0, -21.0, -21.0, -21.0, -21.0, -21.0, -21.0, -21.0, -21.0, -21.0, -21.0, -21.0, -21.0]","[1007, 1012, 1022, 1025, 1013, 1025, 1013, 1023, 1039, 1025, 1020, 1036, 1025, 1003, 1033, 1030, 1009, 1011, 1011, 1024, 1011, 1008, 1020, 1016]",1.1126915701029854,0.16402879644066995,2.4297640909813807,0.051912868987583606,8010.097,499.37,690.214,5795.307,432969.895,9.239,5.871,28000,28000,79.59206349206349,9.453809523809523,0.01875000074505806,4.999999873689376e-05,0.015463354,0.00015927538,0.015304077,0.9337839,-1.6713725e-10,3.1413478e-07,0.0
-21.0,-21.0,-21.0,1018.5357142857143,4,2,32000,False,28,8,233dc689b856488aa560b8a66fa84465,2021-02-07_18-40-13,1612719613,441.4615273475647,3534.1874680519104,18237,esfinge,147.96.71.224,3534.1874680519104,0,8,"[-21.0, -21.0, -21.0, -21.0, -21.0, -21.0, -21.0, -21.0, -21.0, -21.0, -21.0, -21.0, -21.0, -21.0, -21.0, -21.0, -21.0, -21.0, -21.0, -21.0, -21.0, -21.0, -21.0, -21.0, -21.0, -21.0, -21.0, -21.0]","[1014, 1009, 1014, 1021, 1013, 1025, 1013, 1023, 1039, 1025, 1020, 1036, 1025, 1003, 1033, 1030, 1009, 1011, 1011, 1024, 1011, 1008, 1020, 1016, 1007, 1012, 1022, 1025]",1.1127644892341495,0.16393611662936572,2.4290056381939644,0.051876883009979266,8004.161,499.74,663.78,6026.091,432960.182,9.239,5.724,32000,32000,79.58587301587302,9.16920634920635,0.00937500037252903,4.999999873689376e-05,0.02888642,0.0009861456,0.027900271,0.9069533,-1.9778718e-10,3.1937913e-07,0.0
-21.0,-21.0,-21.0,1018.15625,4,2,36000,False,32,9,233dc689b856488aa560b8a66fa84465,2021-02-07_18-47-35,1612720055,441.8144290447235,3976.001897096634,18237,esfinge,147.96.71.224,3976.001897096634,0,9,"[-21.0, -21.0, -21.0, -21.0, -21.0, -21.0, -21.0, -21.0, -21.0, -21.0, -21.0, -21.0, -21.0, -21.0, -21.0, -21.0, -21.0, -21.0, -21.0, -21.0, -21.0, -21.0, -21.0, -21.0, -21.0, -21.0, -21.0, -21.0, -21.0, -21.0, -21.0, -21.0]","[1019, 1011, 1010, 1022, 1013, 1025, 1013, 1023, 1039, 1025, 1020, 1036, 1025, 1003, 1033, 1030, 1009, 1011, 1011, 1024, 1011, 1008, 1020, 1016, 1007, 1012, 1022, 1025, 1014, 1009, 1014, 1021]",1.112795340968645,0.1639462323449769,2.4284267061938953,0.05184632224421288,8002.912,499.818,643.792,6213.182,432985.75,9.238,5.791,36000,36000,79.58922345483359,9.26228209191759,0.004687500186264515,4.999999873689376e-05,0.01743507,-0.00059655355,0.018031623,0.93402517,1.2259167e-10,2.8659966e-07,0.0
-21.0,-21.0,-21.0,1018.1388888888889,4,2,40000,False,36,10,233dc689b856488aa560b8a66fa84465,2021-02-07_18-54-57,1612720497,441.7254889011383,4417.727385997772,18237,esfinge,147.96.71.224,4417.727385997772,0,10,"[-21.0, -21.0, -21.0, -21.0, -21.0, -21.0, -21.0, -21.0, -21.0, -21.0, -21.0, -21.0, -21.0, -21.0, -21.0, -21.0, -21.0, -21.0, -21.0, -21.0, -21.0, -21.0, -21.0, -21.0, -21.0, -21.0, -21.0, -21.0, -21.0, -21.0, -21.0, -21.0, -21.0, -21.0, -21.0, -21.0]","[999, 1026, 1035, 1012, 1013, 1025, 1013, 1023, 1039, 1025, 1020, 1036, 1025, 1003, 1033, 1030, 1009, 1011, 1011, 1024, 1011, 1008, 1020, 1016, 1007, 1012, 1022, 1025, 1014, 1009, 1014, 1021, 1019, 1011, 1010, 1022]",1.112790552441008,0.16400610300850152,2.427856552683072,0.05182002374512473,7998.778,500.076,625.951,6390.28,433003.973,9.238,5.768,40000,40000,79.57777777777778,9.472222222222221,0.0023437500931322575,4.999999873689376e-05,0.009071371,-0.0005566706,0.00962804,0.9556879,-7.589834e-10,4.3731464e-07,0.0
-21.0,-21.0,-21.0,1018.625,4,2,44000,False,40,11,233dc689b856488aa560b8a66fa84465,2021-02-07_19-02-19,1612720939,441.5776162147522,4859.305002212524,18237,esfinge,147.96.71.224,4859.305002212524,0,11,"[-21.0, -21.0, -21.0, -21.0, -21.0, -21.0, -21.0, -21.0, -21.0, -21.0, -21.0, -21.0, -21.0, -21.0, -21.0, -21.0, -21.0, -21.0, -21.0, -21.0, -21.0, -21.0, -21.0, -21.0, -21.0, -21.0, -21.0, -21.0, -21.0, -21.0, -21.0, -21.0, -21.0, -21.0, -21.0, -21.0, -21.0, -21.0, -21.0, -21.0]","[1036, 1011, 1008, 1037, 1013, 1025, 1013, 1023, 1039, 1025, 1020, 1036, 1025, 1003, 1033, 1030, 1009, 1011, 1011, 1024, 1011, 1008, 1020, 1016, 1007, 1012, 1022, 1025, 1014, 1009, 1014, 1021, 1019, 1011, 1010, 1022, 999, 1026, 1035, 1012]",1.112726615908365,0.16398609639789002,2.427383893538156,0.05179760922118337,7972.721,501.711,478.76,8354.916,432902.0,9.24,5.685,44000,44000,79.59507936507936,9.137777777777776,0.0011718750465661287,4.999999873689376e-05,0.03638887,0.0017699174,0.03461895,0.8299068,3.6637635e-10,2.7207588e-07,0.0
-21.0,-21.0,-21.0,1019.3863636363636,4,2,48000,False,44,12,233dc689b856488aa560b8a66fa84465,2021-02-07_19-09-41,1612721381,441.5851857662201,5300.8901879787445,18237,esfinge,147.96.71.224,5300.8901879787445,0,12,"[-21.0, -21.0, -21.0, -21.0, -21.0, -21.0, -21.0, -21.0, -21.0, -21.0, -21.0, -21.0, -21.0, -21.0, -21.0, -21.0, -21.0, -21.0, -21.0, -21.0, -21.0, -21.0, -21.0, -21.0, -21.0, -21.0, -21.0, -21.0, -21.0, -21.0, -21.0, -21.0, -21.0, -21.0, -21.0, -21.0, -21.0, -21.0, -21.0, -21.0, -21.0, -21.0, -21.0, -21.0]","[1028, 1026, 1026, 1028, 1013, 1025, 1013, 1023, 1039, 1025, 1020, 1036, 1025, 1003, 1033, 1030, 1009, 1011, 1011, 1024, 1011, 1008, 1020, 1016, 1007, 1012, 1022, 1025, 1014, 1009, 1014, 1021, 1019, 1011, 1010, 1022, 999, 1026, 1035, 1012, 1036, 1011, 1008, 1037]",1.1126876556750922,0.16397439652149834,2.4269853762688,0.051778911911147814,7977.05,501.438,478.626,8357.255,432907.589,9.24,5.629,48000,48000,79.58396825396825,9.278571428571427,0.0005859375232830644,4.999999873689376e-05,0.015861461,0.0026473724,0.013214089,0.9277137,-8.6596513e-10,3.3390995e-07,0.0
-21.0,-21.0,-21.0,1019.0833333333334,4,2,52000,False,48,13,233dc689b856488aa560b8a66fa84465,2021-02-07_19-17-03,1612721823,441.3498499393463,5742.240037918091,18237,esfinge,147.96.71.224,5742.240037918091,0,13,"[-21.0, -21.0, -21.0, -21.0, -21.0, -21.0, -21.0, -21.0, -21.0, -21.0, -21.0, -21.0, -21.0, -21.0, -21.0, -21.0, -21.0, -21.0, -21.0, -21.0, -21.0, -21.0, -21.0, -21.0, -21.0, -21.0, -21.0, -21.0, -21.0, -21.0, -21.0, -21.0, -21.0, -21.0, -21.0, -21.0, -21.0, -21.0, -21.0, -21.0, -21.0, -21.0, -21.0, -21.0, -21.0, -21.0, -21.0, -21.0]","[1023, 1014, 1017, 1009, 1013, 1025, 1013, 1023, 1039, 1025, 1020, 1036, 1025, 1003, 1033, 1030, 1009, 1011, 1011, 1024, 1011, 1008, 1020, 1016, 1007, 1012, 1022, 1025, 1014, 1009, 1014, 1021, 1019, 1011, 1010, 1022, 999, 1026, 1035, 1012, 1036, 1011, 1008, 1037, 1028, 1026, 1026, 1028]",1.1126835260275725,0.16397470988744697,2.4266725928457826,0.05176325131094983,7980.124,501.245,477.66,8374.15,432885.021,9.24,5.698,52000,52000,79.58650793650794,9.447777777777778,0.0002929687616415322,4.999999873689376e-05,0.019647006,-0.0017726748,0.021419682,0.8966787,7.546667e-10,3.1267052e-07,0.0
-21.0,-21.0,-21.0,1018.9230769230769,4,2,56000,False,52,14,233dc689b856488aa560b8a66fa84465,2021-02-07_19-24-24,1612722264,441.5254964828491,6183.76553440094,18237,esfinge,147.96.71.224,6183.76553440094,0,14,"[-21.0, -21.0, -21.0, -21.0, -21.0, -21.0, -21.0, -21.0, -21.0, -21.0, -21.0, -21.0, -21.0, -21.0, -21.0, -21.0, -21.0, -21.0, -21.0, -21.0, -21.0, -21.0, -21.0, -21.0, -21.0, -21.0, -21.0, -21.0, -21.0, -21.0, -21.0, -21.0, -21.0, -21.0, -21.0, -21.0, -21.0, -21.0, -21.0, -21.0, -21.0, -21.0, -21.0, -21.0, -21.0, -21.0, -21.0, -21.0, -21.0, -21.0, -21.0, -21.0]","[1025, 1006, 1014, 1023, 1013, 1025, 1013, 1023, 1039, 1025, 1020, 1036, 1025, 1003, 1033, 1030, 1009, 1011, 1011, 1024, 1011, 1008, 1020, 1016, 1007, 1012, 1022, 1025, 1014, 1009, 1014, 1021, 1019, 1011, 1010, 1022, 999, 1026, 1035, 1012, 1036, 1011, 1008, 1037, 1028, 1026, 1026, 1028, 1023, 1014, 1017, 1009]",1.1126772255676762,0.16399205609022852,2.4264003400386,0.051751890254264236,7981.257,501.174,477.292,8380.613,432894.51,9.24,5.545,56000,56000,79.60047619047619,9.120317460317459,0.0001464843808207661,4.999999873689376e-05,0.0073576574,-0.00047194693,0.007829602,0.9622996,-1.5882283e-10,3.2997747e-07,0.0
-21.0,-21.0,-21.0,1018.9464285714286,4,2,60000,False,56,15,233dc689b856488aa560b8a66fa84465,2021-02-07_19-31-46,1612722706,441.33178091049194,6625.097315311432,18237,esfinge,147.96.71.224,6625.097315311432,0,15,"[-21.0, -21.0, -21.0, -21.0, -21.0, -21.0, -21.0, -21.0, -21.0, -21.0, -21.0, -21.0, -21.0, -21.0, -21.0, -21.0, -21.0, -21.0, -21.0, -21.0, -21.0, -21.0, -21.0, -21.0, -21.0, -21.0, -21.0, -21.0, -21.0, -21.0, -21.0, -21.0, -21.0, -21.0, -21.0, -21.0, -21.0, -21.0, -21.0, -21.0, -21.0, -21.0, -21.0, -21.0, -21.0, -21.0, -21.0, -21.0, -21.0, -21.0, -21.0, -21.0, -21.0, -21.0, -21.0, -21.0]","[1025, 1020, 1021, 1011, 1013, 1025, 1013, 1023, 1039, 1025, 1020, 1036, 1025, 1003, 1033, 1030, 1009, 1011, 1011, 1024, 1011, 1008, 1020, 1016, 1007, 1012, 1022, 1025, 1014, 1009, 1014, 1021, 1019, 1011, 1010, 1022, 999, 1026, 1035, 1012, 1036, 1011, 1008, 1037, 1028, 1026, 1026, 1028, 1023, 1014, 1017, 1009, 1025, 1006, 1014, 1023]",1.1126552176870952,0.1640281937849872,2.426180222248221,0.051739742737465476,7982.374,501.104,477.14,8383.278,432857.035,9.241,5.603,60000,60000,79.5957142857143,9.297619047619047,7.324219041038305e-05,4.999999873689376e-05,0.0058103567,-0.00015265374,0.00596301,0.96799845,6.3431226e-11,3.5045827e-07,0.0
-21.0,-21.0,-21.0,1019.35,4,2,64000,False,60,16,233dc689b856488aa560b8a66fa84465,2021-02-07_19-39-08,1612723148,441.4895324707031,7066.586847782135,18237,esfinge,147.96.71.224,7066.586847782135,0,16,"[-21.0, -21.0, -21.0, -21.0, -21.0, -21.0, -21.0, -21.0, -21.0, -21.0, -21.0, -21.0, -21.0, -21.0, -21.0, -21.0, -21.0, -21.0, -21.0, -21.0, -21.0, -21.0, -21.0, -21.0, -21.0, -21.0, -21.0, -21.0, -21.0, -21.0, -21.0, -21.0, -21.0, -21.0, -21.0, -21.0, -21.0, -21.0, -21.0, -21.0, -21.0, -21.0, -21.0, -21.0, -21.0, -21.0, -21.0, -21.0, -21.0, -21.0, -21.0, -21.0, -21.0, -21.0, -21.0, -21.0, -21.0, -21.0, -21.0, -21.0]","[1036, 1017, 1013, 1034, 1013, 1025, 1013, 1023, 1039, 1025, 1020, 1036, 1025, 1003, 1033, 1030, 1009, 1011, 1011, 1024, 1011, 1008, 1020, 1016, 1007, 1012, 1022, 1025, 1014, 1009, 1014, 1021, 1019, 1011, 1010, 1022, 999, 1026, 1035, 1012, 1036, 1011, 1008, 1037, 1028, 1026, 1026, 1028, 1023, 1014, 1017, 1009, 1025, 1006, 1014, 1023, 1025, 1020, 1021, 1011]",1.112621729526403,0.16407180440468272,2.425961713836406,0.05172931387488893,7982.341,501.106,477.907,8369.827,432929.305,9.239,5.51,64000,64000,79.57492063492063,9.483650793650794,3.662109520519152e-05,4.999999873689376e-05,0.012547991,-0.00051587867,0.013063868,0.9396789,-3.8159645e-10,3.645487e-07,0.0
-21.0,-21.0,-21.0,1019.671875,4,2,68000,False,64,17,233dc689b856488aa560b8a66fa84465,2021-02-07_19-46-30,1612723590,441.45841670036316,7508.045264482498,18237,esfinge,147.96.71.224,7508.045264482498,0,17,"[-21.0, -21.0, -21.0, -21.0, -21.0, -21.0, -21.0, -21.0, -21.0, -21.0, -21.0, -21.0, -21.0, -21.0, -21.0, -21.0, -21.0, -21.0, -21.0, -21.0, -21.0, -21.0, -21.0, -21.0, -21.0, -21.0, -21.0, -21.0, -21.0, -21.0, -21.0, -21.0, -21.0, -21.0, -21.0, -21.0, -21.0, -21.0, -21.0, -21.0, -21.0, -21.0, -21.0, -21.0, -21.0, -21.0, -21.0, -21.0, -21.0, -21.0, -21.0, -21.0, -21.0, -21.0, -21.0, -21.0, -21.0, -21.0, -21.0, -21.0, -21.0, -21.0, -21.0, -21.0]","[1024, 1037, 1018, 1019, 1013, 1025, 1013, 1023, 1039, 1025, 1020, 1036, 1025, 1003, 1033, 1030, 1009, 1011, 1011, 1024, 1011, 1008, 1020, 1016, 1007, 1012, 1022, 1025, 1014, 1009, 1014, 1021, 1019, 1011, 1010, 1022, 999, 1026, 1035, 1012, 1036, 1011, 1008, 1037, 1028, 1026, 1026, 1028, 1023, 1014, 1017, 1009, 1025, 1006, 1014, 1023, 1025, 1020, 1021, 1011, 1036, 1017, 1013, 1034]",1.1126132280611394,0.16412445236906248,2.4258088983734334,0.05172146891424602,7983.057,501.061,477.36,8379.417,432933.783,9.239,5.613,68000,68000,79.58984126984127,9.147460317460316,1.831054760259576e-05,4.999999873689376e-05,0.0032657604,-0.0017253698,0.0049911323,0.9746094,3.6046288e-06,0.0,0.0
-21.0,-21.0,-21.0,1019.5588235294117,4,2,72000,False,68,18,233dc689b856488aa560b8a66fa84465,2021-02-07_19-53-51,1612724031,441.1994128227234,7949.244677305222,18237,esfinge,147.96.71.224,7949.244677305222,0,18,"[-21.0, -21.0, -21.0, -21.0, -21.0, -21.0, -21.0, -21.0, -21.0, -21.0, -21.0, -21.0, -21.0, -21.0, -21.0, -21.0, -21.0, -21.0, -21.0, -21.0, -21.0, -21.0, -21.0, -21.0, -21.0, -21.0, -21.0, -21.0, -21.0, -21.0, -21.0, -21.0, -21.0, -21.0, -21.0, -21.0, -21.0, -21.0, -21.0, -21.0, -21.0, -21.0, -21.0, -21.0, -21.0, -21.0, -21.0, -21.0, -21.0, -21.0, -21.0, -21.0, -21.0, -21.0, -21.0, -21.0, -21.0, -21.0, -21.0, -21.0, -21.0, -21.0, -21.0, -21.0, -21.0, -21.0, -21.0, -21.0]","[1012, 1013, 1028, 1018, 1013, 1025, 1013, 1023, 1039, 1025, 1020, 1036, 1025, 1003, 1033, 1030, 1009, 1011, 1011, 1024, 1011, 1008, 1020, 1016, 1007, 1012, 1022, 1025, 1014, 1009, 1014, 1021, 1019, 1011, 1010, 1022, 999, 1026, 1035, 1012, 1036, 1011, 1008, 1037, 1028, 1026, 1026, 1028, 1023, 1014, 1017, 1009, 1025, 1006, 1014, 1023, 1025, 1020, 1021, 1011, 1036, 1017, 1013, 1034, 1024, 1037, 1018, 1019]",1.1126116426594688,0.1641956814929733,2.425659665989077,0.05171390644885858,7986.42,500.85,476.294,8398.17,432905.152,9.24,5.595,72000,72000,79.5904761904762,9.305714285714286,9.15527380129788e-06,4.999999873689376e-05,0.0025898854,-0.00013117876,0.002721066,0.9892719,0.0,0.0,0.0
-21.0,-21.0,-21.0,1019.5833333333334,4,2,76000,False,72,19,233dc689b856488aa560b8a66fa84465,2021-02-07_20-01-13,1612724473,441.32853746414185,8390.573214769363,18237,esfinge,147.96.71.224,8390.573214769363,0,19,"[-21.0, -21.0, -21.0, -21.0, -21.0, -21.0, -21.0, -21.0, -21.0, -21.0, -21.0, -21.0, -21.0, -21.0, -21.0, -21.0, -21.0, -21.0, -21.0, -21.0, -21.0, -21.0, -21.0, -21.0, -21.0, -21.0, -21.0, -21.0, -21.0, -21.0, -21.0, -21.0, -21.0, -21.0, -21.0, -21.0, -21.0, -21.0, -21.0, -21.0, -21.0, -21.0, -21.0, -21.0, -21.0, -21.0, -21.0, -21.0, -21.0, -21.0, -21.0, -21.0, -21.0, -21.0, -21.0, -21.0, -21.0, -21.0, -21.0, -21.0, -21.0, -21.0, -21.0, -21.0, -21.0, -21.0, -21.0, -21.0, -21.0, -21.0, -21.0, -21.0]","[1016, 1023, 1025, 1016, 1013, 1025, 1013, 1023, 1039, 1025, 1020, 1036, 1025, 1003, 1033, 1030, 1009, 1011, 1011, 1024, 1011, 1008, 1020, 1016, 1007, 1012, 1022, 1025, 1014, 1009, 1014, 1021, 1019, 1011, 1010, 1022, 999, 1026, 1035, 1012, 1036, 1011, 1008, 1037, 1028, 1026, 1026, 1028, 1023, 1014, 1017, 1009, 1025, 1006, 1014, 1023, 1025, 1020, 1021, 1011, 1036, 1017, 1013, 1034, 1024, 1037, 1018, 1019, 1012, 1013, 1028, 1018]",1.112600554488284,0.1642562139499019,2.4255392226500683,0.05170690012416174,7986.562,500.841,476.249,8398.967,432856.508,9.241,5.555,76000,76000,79.59539682539682,9.43968253968254,4.57763690064894e-06,4.999999873689376e-05,0.0032072188,-0.00043055284,0.0036377718,0.98225945,0.0,0.0,0.0
-21.0,-21.0,-21.0,1019.828947368421,4,2,80000,False,76,20,233dc689b856488aa560b8a66fa84465,2021-02-07_20-08-34,1612724914,441.45103096961975,8832.024245738983,18237,esfinge,147.96.71.224,8832.024245738983,0,20,"[-21.0, -21.0, -21.0, -21.0, -21.0, -21.0, -21.0, -21.0, -21.0, -21.0, -21.0, -21.0, -21.0, -21.0, -21.0, -21.0, -21.0, -21.0, -21.0, -21.0, -21.0, -21.0, -21.0, -21.0, -21.0, -21.0, -21.0, -21.0, -21.0, -21.0, -21.0, -21.0, -21.0, -21.0, -21.0, -21.0, -21.0, -21.0, -21.0, -21.0, -21.0, -21.0, -21.0, -21.0, -21.0, -21.0, -21.0, -21.0, -21.0, -21.0, -21.0, -21.0, -21.0, -21.0, -21.0, -21.0, -21.0, -21.0, -21.0, -21.0, -21.0, -21.0, -21.0, -21.0, -21.0, -21.0, -21.0, -21.0, -21.0, -21.0, -21.0, -21.0, -21.0, -21.0, -21.0, -21.0]","[1034, 1024, 1028, 1011, 1013, 1025, 1013, 1023, 1039, 1025, 1020, 1036, 1025, 1003, 1033, 1030, 1009, 1011, 1011, 1024, 1011, 1008, 1020, 1016, 1007, 1012, 1022, 1025, 1014, 1009, 1014, 1021, 1019, 1011, 1010, 1022, 999, 1026, 1035, 1012, 1036, 1011, 1008, 1037, 1028, 1026, 1026, 1028, 1023, 1014, 1017, 1009, 1025, 1006, 1014, 1023, 1025, 1020, 1021, 1011, 1036, 1017, 1013, 1034, 1024, 1037, 1018, 1019, 1012, 1013, 1028, 1018, 1016, 1023, 1025, 1016]",1.1126043087565298,0.16429733973505214,2.4254209881865556,0.05170110710684429,7988.536,500.718,476.506,8394.435,432826.823,9.242,5.472,80000,80000,79.58666666666667,9.113809523809524,2.28881845032447e-06,4.999999873689376e-05,0.0025893594,-0.000817227,0.0034065864,0.9834131,0.0,0.0,0.0
-21.0,-21.0,-21.0,1019.4375,4,2,84000,False,80,21,233dc689b856488aa560b8a66fa84465,2021-02-07_20-15-56,1612725356,441.5820527076721,9273.606298446655,18237,esfinge,147.96.71.224,9273.606298446655,0,21,"[-21.0, -21.0, -21.0, -21.0, -21.0, -21.0, -21.0, -21.0, -21.0, -21.0, -21.0, -21.0, -21.0, -21.0, -21.0, -21.0, -21.0, -21.0, -21.0, -21.0, -21.0, -21.0, -21.0, -21.0, -21.0, -21.0, -21.0, -21.0, -21.0, -21.0, -21.0, -21.0, -21.0, -21.0, -21.0, -21.0, -21.0, -21.0, -21.0, -21.0, -21.0, -21.0, -21.0, -21.0, -21.0, -21.0, -21.0, -21.0, -21.0, -21.0, -21.0, -21.0, -21.0, -21.0, -21.0, -21.0, -21.0, -21.0, -21.0, -21.0, -21.0, -21.0, -21.0, -21.0, -21.0, -21.0, -21.0, -21.0, -21.0, -21.0, -21.0, -21.0, -21.0, -21.0, -21.0, -21.0, -21.0, -21.0, -21.0, -21.0]","[1017, 999, 1012, 1020, 1013, 1025, 1013, 1023, 1039, 1025, 1020, 1036, 1025, 1003, 1033, 1030, 1009, 1011, 1011, 1024, 1011, 1008, 1020, 1016, 1007, 1012, 1022, 1025, 1014, 1009, 1014, 1021, 1019, 1011, 1010, 1022, 999, 1026, 1035, 1012, 1036, 1011, 1008, 1037, 1028, 1026, 1026, 1028, 1023, 1014, 1017, 1009, 1025, 1006, 1014, 1023, 1025, 1020, 1021, 1011, 1036, 1017, 1013, 1034, 1024, 1037, 1018, 1019, 1012, 1013, 1028, 1018, 1016, 1023, 1025, 1016, 1034, 1024, 1028, 1011]",1.1126005943086645,0.16433549171407486,2.4253207883651497,0.05169549671636318,7993.376,500.414,475.718,8408.339,432822.756,9.242,5.584,84000,84000,79.57714285714286,9.308888888888887,1.144409225162235e-06,4.999999873689376e-05,0.0014383576,6.266419e-05,0.0013756953,0.9937807,0.0,0.0,0.0
-21.0,-21.0,-21.0,1019.5357142857143,4,2,88000,False,84,22,233dc689b856488aa560b8a66fa84465,2021-02-07_20-23-18,1612725798,441.3140285015106,9714.920326948166,18237,esfinge,147.96.71.224,9714.920326948166,0,22,"[-21.0, -21.0, -21.0, -21.0, -21.0, -21.0, -21.0, -21.0, -21.0, -21.0, -21.0, -21.0, -21.0, -21.0, -21.0, -21.0, -21.0, -21.0, -21.0, -21.0, -21.0, -21.0, -21.0, -21.0, -21.0, -21.0, -21.0, -21.0, -21.0, -21.0, -21.0, -21.0, -21.0, -21.0, -21.0, -21.0, -21.0, -21.0, -21.0, -21.0, -21.0, -21.0, -21.0, -21.0, -21.0, -21.0, -21.0, -21.0, -21.0, -21.0, -21.0, -21.0, -21.0, -21.0, -21.0, -21.0, -21.0, -21.0, -21.0, -21.0, -21.0, -21.0, -21.0, -21.0, -21.0, -21.0, -21.0, -21.0, -21.0, -21.0, -21.0, -21.0, -21.0, -21.0, -21.0, -21.0, -21.0, -21.0, -21.0, -21.0, -21.0, -21.0, -21.0, -21.0]","[1022, 1026, 1020, 1018, 1013, 1025, 1013, 1023, 1039, 1025, 1020, 1036, 1025, 1003, 1033, 1030, 1009, 1011, 1011, 1024, 1011, 1008, 1020, 1016, 1007, 1012, 1022, 1025, 1014, 1009, 1014, 1021, 1019, 1011, 1010, 1022, 999, 1026, 1035, 1012, 1036, 1011, 1008, 1037, 1028, 1026, 1026, 1028, 1023, 1014, 1017, 1009, 1025, 1006, 1014, 1023, 1025, 1020, 1021, 1011, 1036, 1017, 1013, 1034, 1024, 1037, 1018, 1019, 1012, 1013, 1028, 1018, 1016, 1023, 1025, 1016, 1034, 1024, 1028, 1011, 1017, 999, 1012, 1020]",1.1125999713118497,0.1643566358590846,2.4252234277774765,0.0516902760131819,7989.796,500.639,476.156,8400.606,432798.635,9.242,5.49,88000,88000,79.58746031746031,9.479523809523808,5.722046125811175e-07,4.999999873689376e-05,-0.001734345,-0.003774877,0.0020405317,0.99024785,0.0,0.0,0.0
-21.0,-21.0,-21.0,1019.375,4,2,92000,False,88,23,233dc689b856488aa560b8a66fa84465,2021-02-07_20-30-40,1612726240,441.4061803817749,10156.32650732994,18237,esfinge,147.96.71.224,10156.32650732994,0,23,"[-21.0, -21.0, -21.0, -21.0, -21.0, -21.0, -21.0, -21.0, -21.0, -21.0, -21.0, -21.0, -21.0, -21.0, -21.0, -21.0, -21.0, -21.0, -21.0, -21.0, -21.0, -21.0, -21.0, -21.0, -21.0, -21.0, -21.0, -21.0, -21.0, -21.0, -21.0, -21.0, -21.0, -21.0, -21.0, -21.0, -21.0, -21.0, -21.0, -21.0, -21.0, -21.0, -21.0, -21.0, -21.0, -21.0, -21.0, -21.0, -21.0, -21.0, -21.0, -21.0, -21.0, -21.0, -21.0, -21.0, -21.0, -21.0, -21.0, -21.0, -21.0, -21.0, -21.0, -21.0, -21.0, -21.0, -21.0, -21.0, -21.0, -21.0, -21.0, -21.0, -21.0, -21.0, -21.0, -21.0, -21.0, -21.0, -21.0, -21.0, -21.0, -21.0, -21.0, -21.0, -21.0, -21.0, -21.0, -21.0]","[1004, 1017, 1027, 1016, 1013, 1025, 1013, 1023, 1039, 1025, 1020, 1036, 1025, 1003, 1033, 1030, 1009, 1011, 1011, 1024, 1011, 1008, 1020, 1016, 1007, 1012, 1022, 1025, 1014, 1009, 1014, 1021, 1019, 1011, 1010, 1022, 999, 1026, 1035, 1012, 1036, 1011, 1008, 1037, 1028, 1026, 1026, 1028, 1023, 1014, 1017, 1009, 1025, 1006, 1014, 1023, 1025, 1020, 1021, 1011, 1036, 1017, 1013, 1034, 1024, 1037, 1018, 1019, 1012, 1013, 1028, 1018, 1016, 1023, 1025, 1016, 1034, 1024, 1028, 1011, 1017, 999, 1012, 1020, 1022, 1026, 1020, 1018]",1.1126026739477626,0.16438755743074276,2.425143901000866,0.051685455692188215,7992.8,500.45,475.5,8412.197,432803.326,9.242,5.356,92000,92000,79.58460317460317,9.14015873015873,2.8610230629055877e-07,4.999999873689376e-05,0.00052709685,-0.00063155085,0.0011586484,0.99536675,0.0,0.0,0.0
-21.0,-21.0,-21.0,1019.1304347826087,4,2,96000,False,92,24,233dc689b856488aa560b8a66fa84465,2021-02-07_20-38-01,1612726681,441.1053845882416,10597.431891918182,18237,esfinge,147.96.71.224,10597.431891918182,0,24,"[-21.0, -21.0, -21.0, -21.0, -21.0, -21.0, -21.0, -21.0, -21.0, -21.0, -21.0, -21.0, -21.0, -21.0, -21.0, -21.0, -21.0, -21.0, -21.0, -21.0, -21.0, -21.0, -21.0, -21.0, -21.0, -21.0, -21.0, -21.0, -21.0, -21.0, -21.0, -21.0, -21.0, -21.0, -21.0, -21.0, -21.0, -21.0, -21.0, -21.0, -21.0, -21.0, -21.0, -21.0, -21.0, -21.0, -21.0, -21.0, -21.0, -21.0, -21.0, -21.0, -21.0, -21.0, -21.0, -21.0, -21.0, -21.0, -21.0, -21.0, -21.0, -21.0, -21.0, -21.0, -21.0, -21.0, -21.0, -21.0, -21.0, -21.0, -21.0, -21.0, -21.0, -21.0, -21.0, -21.0, -21.0, -21.0, -21.0, -21.0, -21.0, -21.0, -21.0, -21.0, -21.0, -21.0, -21.0, -21.0, -21.0, -21.0, -21.0, -21.0]","[1024, 1006, 1010, 1015, 1013, 1025, 1013, 1023, 1039, 1025, 1020, 1036, 1025, 1003, 1033, 1030, 1009, 1011, 1011, 1024, 1011, 1008, 1020, 1016, 1007, 1012, 1022, 1025, 1014, 1009, 1014, 1021, 1019, 1011, 1010, 1022, 999, 1026, 1035, 1012, 1036, 1011, 1008, 1037, 1028, 1026, 1026, 1028, 1023, 1014, 1017, 1009, 1025, 1006, 1014, 1023, 1025, 1020, 1021, 1011, 1036, 1017, 1013, 1034, 1024, 1037, 1018, 1019, 1012, 1013, 1028, 1018, 1016, 1023, 1025, 1016, 1034, 1024, 1028, 1011, 1017, 999, 1012, 1020, 1022, 1026, 1020, 1018, 1004, 1017, 1027, 1016]",1.1126108178695697,0.164425288394078,2.4250635160963303,0.051681017088313394,7993.595,500.401,477.21,8382.06,432757.047,9.243,5.47,96000,96000,79.58998410174881,9.301589825119237,1.4305115314527939e-07,4.999999873689376e-05,0.00944058,-0.0017060813,0.011146662,0.95194954,0.0,0.0,0.0
-21.0,-21.0,-21.0,1018.8854166666666,4,2,100000,False,96,25,233dc689b856488aa560b8a66fa84465,2021-02-07_20-45-22,1612727122,440.98181557655334,11038.413707494736,18237,esfinge,147.96.71.224,11038.413707494736,0,25,"[-21.0, -21.0, -21.0, -21.0, -21.0, -21.0, -21.0, -21.0, -21.0, -21.0, -21.0, -21.0, -21.0, -21.0, -21.0, -21.0, -21.0, -21.0, -21.0, -21.0, -21.0, -21.0, -21.0, -21.0, -21.0, -21.0, -21.0, -21.0, -21.0, -21.0, -21.0, -21.0, -21.0, -21.0, -21.0, -21.0, -21.0, -21.0, -21.0, -21.0, -21.0, -21.0, -21.0, -21.0, -21.0, -21.0, -21.0, -21.0, -21.0, -21.0, -21.0, -21.0, -21.0, -21.0, -21.0, -21.0, -21.0, -21.0, -21.0, -21.0, -21.0, -21.0, -21.0, -21.0, -21.0, -21.0, -21.0, -21.0, -21.0, -21.0, -21.0, -21.0, -21.0, -21.0, -21.0, -21.0, -21.0, -21.0, -21.0, -21.0, -21.0, -21.0, -21.0, -21.0, -21.0, -21.0, -21.0, -21.0, -21.0, -21.0, -21.0, -21.0, -21.0, -21.0, -21.0, -21.0]","[1011, 1014, 1012, 1016, 1013, 1025, 1013, 1023, 1039, 1025, 1020, 1036, 1025, 1003, 1033, 1030, 1009, 1011, 1011, 1024, 1011, 1008, 1020, 1016, 1007, 1012, 1022, 1025, 1014, 1009, 1014, 1021, 1019, 1011, 1010, 1022, 999, 1026, 1035, 1012, 1036, 1011, 1008, 1037, 1028, 1026, 1026, 1028, 1023, 1014, 1017, 1009, 1025, 1006, 1014, 1023, 1025, 1020, 1021, 1011, 1036, 1017, 1013, 1034, 1024, 1037, 1018, 1019, 1012, 1013, 1028, 1018, 1016, 1023, 1025, 1016, 1034, 1024, 1028, 1011, 1017, 999, 1012, 1020, 1022, 1026, 1020, 1018, 1004, 1017, 1027, 1016, 1024, 1006, 1010, 1015]",1.1126190436785635,0.16446643506342093,2.4249969638258624,0.05167664525437454,7993.627,500.399,478.076,8366.878,432722.563,9.244,5.341,100000,100000,79.56111111111112,9.514285714285714,7.152557657263969e-08,4.999999873689376e-05,0.0020598422,-0.0016815364,0.0037413752,0.9796249,0.0,0.0,0.0
-21.0,-21.0,-21.0,1018.8,4,2,104000,False,100,26,233dc689b856488aa560b8a66fa84465,2021-02-07_20-52-43,1612727563,440.6422896385193,11479.055997133255,18237,esfinge,147.96.71.224,11479.055997133255,0,26,"[-21.0, -21.0, -21.0, -21.0, -21.0, -21.0, -21.0, -21.0, -21.0, -21.0, -21.0, -21.0, -21.0, -21.0, -21.0, -21.0, -21.0, -21.0, -21.0, -21.0, -21.0, -21.0, -21.0, -21.0, -21.0, -21.0, -21.0, -21.0, -21.0, -21.0, -21.0, -21.0, -21.0, -21.0, -21.0, -21.0, -21.0, -21.0, -21.0, -21.0, -21.0, -21.0, -21.0, -21.0, -21.0, -21.0, -21.0, -21.0, -21.0, -21.0, -21.0, -21.0, -21.0, -21.0, -21.0, -21.0, -21.0, -21.0, -21.0, -21.0, -21.0, -21.0, -21.0, -21.0, -21.0, -21.0, -21.0, -21.0, -21.0, -21.0, -21.0, -21.0, -21.0, -21.0, -21.0, -21.0, -21.0, -21.0, -21.0, -21.0, -21.0, -21.0, -21.0, -21.0, -21.0, -21.0, -21.0, -21.0, -21.0, -21.0, -21.0, -21.0, -21.0, -21.0, -21.0, -21.0, -21.0, -21.0, -21.0, -21.0]","[1034, 1004, 1015, 1014, 1013, 1025, 1013, 1023, 1039, 1025, 1020, 1036, 1025, 1003, 1033, 1030, 1009, 1011, 1011, 1024, 1011, 1008, 1020, 1016, 1007, 1012, 1022, 1025, 1014, 1009, 1014, 1021, 1019, 1011, 1010, 1022, 999, 1026, 1035, 1012, 1036, 1011, 1008, 1037, 1028, 1026, 1026, 1028, 1023, 1014, 1017, 1009, 1025, 1006, 1014, 1023, 1025, 1020, 1021, 1011, 1036, 1017, 1013, 1034, 1024, 1037, 1018, 1019, 1012, 1013, 1028, 1018, 1016, 1023, 1025, 1016, 1034, 1024, 1028, 1011, 1017, 999, 1012, 1020, 1022, 1026, 1020, 1018, 1004, 1017, 1027, 1016, 1024, 1006, 1010, 1015, 1011, 1014, 1012, 1016]",1.112620563761787,0.1644934097549871,2.4249218368485854,0.05167235071002831,7992.687,500.457,477.016,8385.458,432637.709,9.246,5.431,104000,104000,79.57519872813991,9.178537360890303,3.5762788286319847e-08,4.999999873689376e-05,0.001927882,-0.0010964669,0.0030243478,0.9853113,0.0,0.0,0.0
-21.0,-21.0,-21.0,1019.03,4,2,108000,False,104,27,233dc689b856488aa560b8a66fa84465,2021-02-07_21-00-04,1612728004,440.5373361110687,11919.593333244324,18237,esfinge,147.96.71.224,11919.593333244324,0,27,"[-21.0, -21.0, -21.0, -21.0, -21.0, -21.0, -21.0, -21.0, -21.0, -21.0, -21.0, -21.0, -21.0, -21.0, -21.0, -21.0, -21.0, -21.0, -21.0, -21.0, -21.0, -21.0, -21.0, -21.0, -21.0, -21.0, -21.0, -21.0, -21.0, -21.0, -21.0, -21.0, -21.0, -21.0, -21.0, -21.0, -21.0, -21.0, -21.0, -21.0, -21.0, -21.0, -21.0, -21.0, -21.0, -21.0, -21.0, -21.0, -21.0, -21.0, -21.0, -21.0, -21.0, -21.0, -21.0, -21.0, -21.0, -21.0, -21.0, -21.0, -21.0, -21.0, -21.0, -21.0, -21.0, -21.0, -21.0, -21.0, -21.0, -21.0, -21.0, -21.0, -21.0, -21.0, -21.0, -21.0, -21.0, -21.0, -21.0, -21.0, -21.0, -21.0, -21.0, -21.0, -21.0, -21.0, -21.0, -21.0, -21.0, -21.0, -21.0, -21.0, -21.0, -21.0, -21.0, -21.0, -21.0, -21.0, -21.0, -21.0]","[1030, 1017, 1019, 1031, 1039, 1025, 1020, 1036, 1025, 1003, 1033, 1030, 1009, 1011, 1011, 1024, 1011, 1008, 1020, 1016, 1007, 1012, 1022, 1025, 1014, 1009, 1014, 1021, 1019, 1011, 1010, 1022, 999, 1026, 1035, 1012, 1036, 1011, 1008, 1037, 1028, 1026, 1026, 1028, 1023, 1014, 1017, 1009, 1025, 1006, 1014, 1023, 1025, 1020, 1021, 1011, 1036, 1017, 1013, 1034, 1024, 1037, 1018, 1019, 1012, 1013, 1028, 1018, 1016, 1023, 1025, 1016, 1034, 1024, 1028, 1011, 1017, 999, 1012, 1020, 1022, 1026, 1020, 1018, 1004, 1017, 1027, 1016, 1024, 1006, 1010, 1015, 1011, 1014, 1012, 1016, 1034, 1004, 1015, 1014]",1.1125076891950048,0.1645159446143692,2.424178501181649,0.05164029183322818,7992.366,500.478,476.595,8392.866,432547.685,9.248,5.215,108000,108000,79.58887122416533,9.370747217806043,1.7881394143159923e-08,4.999999873689376e-05,0.001584473,-0.00028197034,0.0018664437,0.9905752,0.0,0.0,0.0
-21.0,-21.0,-21.0,1018.36,4,2,112000,False,108,28,233dc689b856488aa560b8a66fa84465,2021-02-07_21-07-25,1612728445,440.8556168079376,12360.448950052261,18237,esfinge,147.96.71.224,12360.448950052261,0,28,"[-21.0, -21.0, -21.0, -21.0, -21.0, -21.0, -21.0, -21.0, -21.0, -21.0, -21.0, -21.0, -21.0, -21.0, -21.0, -21.0, -21.0, -21.0, -21.0, -21.0, -21.0, -21.0, -21.0, -21.0, -21.0, -21.0, -21.0, -21.0, -21.0, -21.0, -21.0, -21.0, -21.0, -21.0, -21.0, -21.0, -21.0, -21.0, -21.0, -21.0, -21.0, -21.0, -21.0, -21.0, -21.0, -21.0, -21.0, -21.0, -21.0, -21.0, -21.0, -21.0, -21.0, -21.0, -21.0, -21.0, -21.0, -21.0, -21.0, -21.0, -21.0, -21.0, -21.0, -21.0, -21.0, -21.0, -21.0, -21.0, -21.0, -21.0, -21.0, -21.0, -21.0, -21.0, -21.0, -21.0, -21.0, -21.0, -21.0, -21.0, -21.0, -21.0, -21.0, -21.0, -21.0, -21.0, -21.0, -21.0, -21.0, -21.0, -21.0, -21.0, -21.0, -21.0, -21.0, -21.0, -21.0, -21.0, -21.0, -21.0]","[1013, 1016, 1006, 1018, 1025, 1003, 1033, 1030, 1009, 1011, 1011, 1024, 1011, 1008, 1020, 1016, 1007, 1012, 1022, 1025, 1014, 1009, 1014, 1021, 1019, 1011, 1010, 1022, 999, 1026, 1035, 1012, 1036, 1011, 1008, 1037, 1028, 1026, 1026, 1028, 1023, 1014, 1017, 1009, 1025, 1006, 1014, 1023, 1025, 1020, 1021, 1011, 1036, 1017, 1013, 1034, 1024, 1037, 1018, 1019, 1012, 1013, 1028, 1018, 1016, 1023, 1025, 1016, 1034, 1024, 1028, 1011, 1017, 999, 1012, 1020, 1022, 1026, 1020, 1018, 1004, 1017, 1027, 1016, 1024, 1006, 1010, 1015, 1011, 1014, 1012, 1016, 1034, 1004, 1015, 1014, 1030, 1017, 1019, 1031]",1.112592619348299,0.16460309058409478,2.4238447943764276,0.05162357187704448,7988.778,500.702,477.54,8376.269,432515.247,9.248,5.567,112000,112000,79.55071542130366,9.537996820349761,8.940697071579962e-09,4.999999873689376e-05,0.0020480107,0.00038527613,0.0016627355,0.9916556,0.0,0.0,0.0
-21.0,-21.0,-21.0,1017.99,4,2,116000,False,112,29,233dc689b856488aa560b8a66fa84465,2021-02-07_21-14-46,1612728886,440.935182094574,12801.384132146835,18237,esfinge,147.96.71.224,12801.384132146835,0,29,"[-21.0, -21.0, -21.0, -21.0, -21.0, -21.0, -21.0, -21.0, -21.0, -21.0, -21.0, -21.0, -21.0, -21.0, -21.0, -21.0, -21.0, -21.0, -21.0, -21.0, -21.0, -21.0, -21.0, -21.0, -21.0, -21.0, -21.0, -21.0, -21.0, -21.0, -21.0, -21.0, -21.0, -21.0, -21.0, -21.0, -21.0, -21.0, -21.0, -21.0, -21.0, -21.0, -21.0, -21.0, -21.0, -21.0, -21.0, -21.0, -21.0, -21.0, -21.0, -21.0, -21.0, -21.0, -21.0, -21.0, -21.0, -21.0, -21.0, -21.0, -21.0, -21.0, -21.0, -21.0, -21.0, -21.0, -21.0, -21.0, -21.0, -21.0, -21.0, -21.0, -21.0, -21.0, -21.0, -21.0, -21.0, -21.0, -21.0, -21.0, -21.0, -21.0, -21.0, -21.0, -21.0, -21.0, -21.0, -21.0, -21.0, -21.0, -21.0, -21.0, -21.0, -21.0, -21.0, -21.0, -21.0, -21.0, -21.0, -21.0]","[1011, 1008, 1029, 1006, 1009, 1011, 1011, 1024, 1011, 1008, 1020, 1016, 1007, 1012, 1022, 1025, 1014, 1009, 1014, 1021, 1019, 1011, 1010, 1022, 999, 1026, 1035, 1012, 1036, 1011, 1008, 1037, 1028, 1026, 1026, 1028, 1023, 1014, 1017, 1009, 1025, 1006, 1014, 1023, 1025, 1020, 1021, 1011, 1036, 1017, 1013, 1034, 1024, 1037, 1018, 1019, 1012, 1013, 1028, 1018, 1016, 1023, 1025, 1016, 1034, 1024, 1028, 1011, 1017, 999, 1012, 1020, 1022, 1026, 1020, 1018, 1004, 1017, 1027, 1016, 1024, 1006, 1010, 1015, 1011, 1014, 1012, 1016, 1034, 1004, 1015, 1014, 1030, 1017, 1019, 1031, 1013, 1016, 1006, 1018]",1.1126295606262848,0.1646629454002806,2.4236374778693,0.05161094805334377,7988.723,500.706,475.555,8411.222,432477.717,9.249,5.57,116000,116000,79.58441971383148,9.177265500794913,4.470348535789981e-09,4.999999873689376e-05,0.0029230616,-0.00030344387,0.003226506,0.9850109,0.0,0.0,0.0
-21.0,-21.0,-21.0,1018.04,4,2,120000,False,116,30,233dc689b856488aa560b8a66fa84465,2021-02-07_21-22-07,1612729327,440.5740656852722,13241.958197832108,18237,esfinge,147.96.71.224,13241.958197832108,0,30,"[-21.0, -21.0, -21.0, -21.0, -21.0, -21.0, -21.0, -21.0, -21.0, -21.0, -21.0, -21.0, -21.0, -21.0, -21.0, -21.0, -21.0, -21.0, -21.0, -21.0, -21.0, -21.0, -21.0, -21.0, -21.0, -21.0, -21.0, -21.0, -21.0, -21.0, -21.0, -21.0, -21.0, -21.0, -21.0, -21.0, -21.0, -21.0, -21.0, -21.0, -21.0, -21.0, -21.0, -21.0, -21.0, -21.0, -21.0, -21.0, -21.0, -21.0, -21.0, -21.0, -21.0, -21.0, -21.0, -21.0, -21.0, -21.0, -21.0, -21.0, -21.0, -21.0, -21.0, -21.0, -21.0, -21.0, -21.0, -21.0, -21.0, -21.0, -21.0, -21.0, -21.0, -21.0, -21.0, -21.0, -21.0, -21.0, -21.0, -21.0, -21.0, -21.0, -21.0, -21.0, -21.0, -21.0, -21.0, -21.0, -21.0, -21.0, -21.0, -21.0, -21.0, -21.0, -21.0, -21.0, -21.0, -21.0, -21.0, -21.0]","[1028, 1007, 1021, 1004, 1011, 1008, 1020, 1016, 1007, 1012, 1022, 1025, 1014, 1009, 1014, 1021, 1019, 1011, 1010, 1022, 999, 1026, 1035, 1012, 1036, 1011, 1008, 1037, 1028, 1026, 1026, 1028, 1023, 1014, 1017, 1009, 1025, 1006, 1014, 1023, 1025, 1020, 1021, 1011, 1036, 1017, 1013, 1034, 1024, 1037, 1018, 1019, 1012, 1013, 1028, 1018, 1016, 1023, 1025, 1016, 1034, 1024, 1028, 1011, 1017, 999, 1012, 1020, 1022, 1026, 1020, 1018, 1004, 1017, 1027, 1016, 1024, 1006, 1010, 1015, 1011, 1014, 1012, 1016, 1034, 1004, 1015, 1014, 1030, 1017, 1019, 1031, 1013, 1016, 1006, 1018, 1011, 1008, 1029, 1006]",1.1126593933713773,0.16469000553753477,2.4234733583556562,0.05160064365175879,7987.767,500.766,475.651,8409.528,432390.703,9.251,5.562,120000,120000,79.56645468998411,9.350874403815581,2.2351742678949904e-09,4.999999873689376e-05,0.00045637932,-0.0022842758,0.0027406558,0.98757815,0.0,0.0,0.0
-21.0,-21.0,-21.0,1018.46,4,2,124000,False,120,31,233dc689b856488aa560b8a66fa84465,2021-02-07_21-29-28,1612729768,440.69736552238464,13682.655563354492,18237,esfinge,147.96.71.224,13682.655563354492,0,31,"[-21.0, -21.0, -21.0, -21.0, -21.0, -21.0, -21.0, -21.0, -21.0, -21.0, -21.0, -21.0, -21.0, -21.0, -21.0, -21.0, -21.0, -21.0, -21.0, -21.0, -21.0, -21.0, -21.0, -21.0, -21.0, -21.0, -21.0, -21.0, -21.0, -21.0, -21.0, -21.0, -21.0, -21.0, -21.0, -21.0, -21.0, -21.0, -21.0, -21.0, -21.0, -21.0, -21.0, -21.0, -21.0, -21.0, -21.0, -21.0, -21.0, -21.0, -21.0, -21.0, -21.0, -21.0, -21.0, -21.0, -21.0, -21.0, -21.0, -21.0, -21.0, -21.0, -21.0, -21.0, -21.0, -21.0, -21.0, -21.0, -21.0, -21.0, -21.0, -21.0, -21.0, -21.0, -21.0, -21.0, -21.0, -21.0, -21.0, -21.0, -21.0, -21.0, -21.0, -21.0, -21.0, -21.0, -21.0, -21.0, -21.0, -21.0, -21.0, -21.0, -21.0, -21.0, -21.0, -21.0, -21.0, -21.0, -21.0, -21.0]","[1028, 1023, 1023, 1023, 1007, 1012, 1022, 1025, 1014, 1009, 1014, 1021, 1019, 1011, 1010, 1022, 999, 1026, 1035, 1012, 1036, 1011, 1008, 1037, 1028, 1026, 1026, 1028, 1023, 1014, 1017, 1009, 1025, 1006, 1014, 1023, 1025, 1020, 1021, 1011, 1036, 1017, 1013, 1034, 1024, 1037, 1018, 1019, 1012, 1013, 1028, 1018, 1016, 1023, 1025, 1016, 1034, 1024, 1028, 1011, 1017, 999, 1012, 1020, 1022, 1026, 1020, 1018, 1004, 1017, 1027, 1016, 1024, 1006, 1010, 1015, 1011, 1014, 1012, 1016, 1034, 1004, 1015, 1014, 1030, 1017, 1019, 1031, 1013, 1016, 1006, 1018, 1011, 1008, 1029, 1006, 1028, 1007, 1021, 1004]",1.1126683981620156,0.16474266466885445,2.423372649601694,0.05159352446214044,7988.317,500.731,475.667,8409.25,432301.282,9.253,5.502,124000,124000,79.5724960254372,9.529093799682036,1.1175871339474952e-09,4.999999873689376e-05,0.007235173,0.0012443815,0.005990794,0.97643995,0.0,0.0,0.0
-21.0,-21.0,-21.0,1018.58,4,2,128000,False,124,32,233dc689b856488aa560b8a66fa84465,2021-02-07_21-36-49,1612730209,440.9230623245239,14123.578625679016,18237,esfinge,147.96.71.224,14123.578625679016,0,32,"[-21.0, -21.0, -21.0, -21.0, -21.0, -21.0, -21.0, -21.0, -21.0, -21.0, -21.0, -21.0, -21.0, -21.0, -21.0, -21.0, -21.0, -21.0, -21.0, -21.0, -21.0, -21.0, -21.0, -21.0, -21.0, -21.0, -21.0, -21.0, -21.0, -21.0, -21.0, -21.0, -21.0, -21.0, -21.0, -21.0, -21.0, -21.0, -21.0, -21.0, -21.0, -21.0, -21.0, -21.0, -21.0, -21.0, -21.0, -21.0, -21.0, -21.0, -21.0, -21.0, -21.0, -21.0, -21.0, -21.0, -21.0, -21.0, -21.0, -21.0, -21.0, -21.0, -21.0, -21.0, -21.0, -21.0, -21.0, -21.0, -21.0, -21.0, -21.0, -21.0, -21.0, -21.0, -21.0, -21.0, -21.0, -21.0, -21.0, -21.0, -21.0, -21.0, -21.0, -21.0, -21.0, -21.0, -21.0, -21.0, -21.0, -21.0, -21.0, -21.0, -21.0, -21.0, -21.0, -21.0, -21.0, -21.0, -21.0, -21.0]","[1011, 1031, 1014, 1022, 1014, 1009, 1014, 1021, 1019, 1011, 1010, 1022, 999, 1026, 1035, 1012, 1036, 1011, 1008, 1037, 1028, 1026, 1026, 1028, 1023, 1014, 1017, 1009, 1025, 1006, 1014, 1023, 1025, 1020, 1021, 1011, 1036, 1017, 1013, 1034, 1024, 1037, 1018, 1019, 1012, 1013, 1028, 1018, 1016, 1023, 1025, 1016, 1034, 1024, 1028, 1011, 1017, 999, 1012, 1020, 1022, 1026, 1020, 1018, 1004, 1017, 1027, 1016, 1024, 1006, 1010, 1015, 1011, 1014, 1012, 1016, 1034, 1004, 1015, 1014, 1030, 1017, 1019, 1031, 1013, 1016, 1006, 1018, 1011, 1008, 1029, 1006, 1028, 1007, 1021, 1004, 1028, 1023, 1023, 1023]",1.1126615717930926,0.16478293136068733,2.4232650641780573,0.05158913602039425,7991.861,500.509,474.176,8435.685,432260.023,9.254,5.531,128000,128000,79.57599364069952,9.177742448330685,5.587935669737476e-10,4.999999873689376e-05,0.016318444,0.0013460928,0.014972353,0.9358449,0.0,0.0,0.0
-21.0,-21.0,-21.0,1018.68,4,2,132000,False,128,33,233dc689b856488aa560b8a66fa84465,2021-02-07_21-44-10,1612730650,440.6598711013794,14564.238496780396,18237,esfinge,147.96.71.224,14564.238496780396,0,33,"[-21.0, -21.0, -21.0, -21.0, -21.0, -21.0, -21.0, -21.0, -21.0, -21.0, -21.0, -21.0, -21.0, -21.0, -21.0, -21.0, -21.0, -21.0, -21.0, -21.0, -21.0, -21.0, -21.0, -21.0, -21.0, -21.0, -21.0, -21.0, -21.0, -21.0, -21.0, -21.0, -21.0, -21.0, -21.0, -21.0, -21.0, -21.0, -21.0, -21.0, -21.0, -21.0, -21.0, -21.0, -21.0, -21.0, -21.0, -21.0, -21.0, -21.0, -21.0, -21.0, -21.0, -21.0, -21.0, -21.0, -21.0, -21.0, -21.0, -21.0, -21.0, -21.0, -21.0, -21.0, -21.0, -21.0, -21.0, -21.0, -21.0, -21.0, -21.0, -21.0, -21.0, -21.0, -21.0, -21.0, -21.0, -21.0, -21.0, -21.0, -21.0, -21.0, -21.0, -21.0, -21.0, -21.0, -21.0, -21.0, -21.0, -21.0, -21.0, -21.0, -21.0, -21.0, -21.0, -21.0, -21.0, -21.0, -21.0, -21.0]","[1022, 1014, 1012, 1020, 1019, 1011, 1010, 1022, 999, 1026, 1035, 1012, 1036, 1011, 1008, 1037, 1028, 1026, 1026, 1028, 1023, 1014, 1017, 1009, 1025, 1006, 1014, 1023, 1025, 1020, 1021, 1011, 1036, 1017, 1013, 1034, 1024, 1037, 1018, 1019, 1012, 1013, 1028, 1018, 1016, 1023, 1025, 1016, 1034, 1024, 1028, 1011, 1017, 999, 1012, 1020, 1022, 1026, 1020, 1018, 1004, 1017, 1027, 1016, 1024, 1006, 1010, 1015, 1011, 1014, 1012, 1016, 1034, 1004, 1015, 1014, 1030, 1017, 1019, 1031, 1013, 1016, 1006, 1018, 1011, 1008, 1029, 1006, 1028, 1007, 1021, 1004, 1028, 1023, 1023, 1023, 1011, 1031, 1014, 1022]",1.112647397530061,0.16484959423790332,2.4231970866168298,0.0515852432014983,7986.842,500.824,475.593,8410.557,432186.879,9.255,5.696,132000,132000,79.58839427662957,9.355484896661368,2.793967834868738e-10,4.999999873689376e-05,0.005600232,0.0024508997,0.0031493313,0.9854817,0.0,0.0,0.0
-21.0,-21.0,-21.0,1018.87,4,2,136000,False,132,34,233dc689b856488aa560b8a66fa84465,2021-02-07_21-51-32,1612731092,440.81658935546875,15005.055086135864,18237,esfinge,147.96.71.224,15005.055086135864,0,34,"[-21.0, -21.0, -21.0, -21.0, -21.0, -21.0, -21.0, -21.0, -21.0, -21.0, -21.0, -21.0, -21.0, -21.0, -21.0, -21.0, -21.0, -21.0, -21.0, -21.0, -21.0, -21.0, -21.0, -21.0, -21.0, -21.0, -21.0, -21.0, -21.0, -21.0, -21.0, -21.0, -21.0, -21.0, -21.0, -21.0, -21.0, -21.0, -21.0, -21.0, -21.0, -21.0, -21.0, -21.0, -21.0, -21.0, -21.0, -21.0, -21.0, -21.0, -21.0, -21.0, -21.0, -21.0, -21.0, -21.0, -21.0, -21.0, -21.0, -21.0, -21.0, -21.0, -21.0, -21.0, -21.0, -21.0, -21.0, -21.0, -21.0, -21.0, -21.0, -21.0, -21.0, -21.0, -21.0, -21.0, -21.0, -21.0, -21.0, -21.0, -21.0, -21.0, -21.0, -21.0, -21.0, -21.0, -21.0, -21.0, -21.0, -21.0, -21.0, -21.0, -21.0, -21.0, -21.0, -21.0, -21.0, -21.0, -21.0, -21.0]","[1016, 1025, 1016, 1024, 999, 1026, 1035, 1012, 1036, 1011, 1008, 1037, 1028, 1026, 1026, 1028, 1023, 1014, 1017, 1009, 1025, 1006, 1014, 1023, 1025, 1020, 1021, 1011, 1036, 1017, 1013, 1034, 1024, 1037, 1018, 1019, 1012, 1013, 1028, 1018, 1016, 1023, 1025, 1016, 1034, 1024, 1028, 1011, 1017, 999, 1012, 1020, 1022, 1026, 1020, 1018, 1004, 1017, 1027, 1016, 1024, 1006, 1010, 1015, 1011, 1014, 1012, 1016, 1034, 1004, 1015, 1014, 1030, 1017, 1019, 1031, 1013, 1016, 1006, 1018, 1011, 1008, 1029, 1006, 1028, 1007, 1021, 1004, 1028, 1023, 1023, 1023, 1011, 1031, 1014, 1022, 1022, 1014, 1012, 1020]",1.112636613660931,0.1648924852019942,2.4231285831654232,0.051582607741790854,7985.093,500.933,474.863,8423.488,432161.841,9.256,5.57,136000,136000,79.57122416534182,9.506836248012718,1.396983917434369e-10,4.999999873689376e-05,0.001084532,-0.00078754703,0.001872074,0.9906195,0.0,0.0,0.0
-21.0,-21.0,-21.0,1019.11,4,2,140000,False,136,35,233dc689b856488aa560b8a66fa84465,2021-02-07_21-58-53,1612731533,440.70844888687134,15445.763535022736,18237,esfinge,147.96.71.224,15445.763535022736,0,35,"[-21.0, -21.0, -21.0, -21.0, -21.0, -21.0, -21.0, -21.0, -21.0, -21.0, -21.0, -21.0, -21.0, -21.0, -21.0, -21.0, -21.0, -21.0, -21.0, -21.0, -21.0, -21.0, -21.0, -21.0, -21.0, -21.0, -21.0, -21.0, -21.0, -21.0, -21.0, -21.0, -21.0, -21.0, -21.0, -21.0, -21.0, -21.0, -21.0, -21.0, -21.0, -21.0, -21.0, -21.0, -21.0, -21.0, -21.0, -21.0, -21.0, -21.0, -21.0, -21.0, -21.0, -21.0, -21.0, -21.0, -21.0, -21.0, -21.0, -21.0, -21.0, -21.0, -21.0, -21.0, -21.0, -21.0, -21.0, -21.0, -21.0, -21.0, -21.0, -21.0, -21.0, -21.0, -21.0, -21.0, -21.0, -21.0, -21.0, -21.0, -21.0, -21.0, -21.0, -21.0, -21.0, -21.0, -21.0, -21.0, -21.0, -21.0, -21.0, -21.0, -21.0, -21.0, -21.0, -21.0, -21.0, -21.0, -21.0, -21.0]","[1033, 1011, 1020, 1032, 1036, 1011, 1008, 1037, 1028, 1026, 1026, 1028, 1023, 1014, 1017, 1009, 1025, 1006, 1014, 1023, 1025, 1020, 1021, 1011, 1036, 1017, 1013, 1034, 1024, 1037, 1018, 1019, 1012, 1013, 1028, 1018, 1016, 1023, 1025, 1016, 1034, 1024, 1028, 1011, 1017, 999, 1012, 1020, 1022, 1026, 1020, 1018, 1004, 1017, 1027, 1016, 1024, 1006, 1010, 1015, 1011, 1014, 1012, 1016, 1034, 1004, 1015, 1014, 1030, 1017, 1019, 1031, 1013, 1016, 1006, 1018, 1011, 1008, 1029, 1006, 1028, 1007, 1021, 1004, 1028, 1023, 1023, 1023, 1011, 1031, 1014, 1022, 1022, 1014, 1012, 1020, 1016, 1025, 1016, 1024]",1.1126376397389344,0.16491300430182465,2.4231066422043837,0.051580992842235746,7986.129,500.868,474.319,8433.137,432132.203,9.256,5.661,140000,140000,79.57949125596184,9.436883942766297,6.984919587171845e-11,4.999999873689376e-05,-0.0001832028,-0.0013554106,0.0011722046,0.9945919,0.0,0.0,0.0
-21.0,-21.0,-21.0,1018.84,4,2,144000,False,140,36,233dc689b856488aa560b8a66fa84465,2021-02-07_22-06-14,1612731974,440.675879240036,15886.439414262772,18237,esfinge,147.96.71.224,15886.439414262772,0,36,"[-21.0, -21.0, -21.0, -21.0, -21.0, -21.0, -21.0, -21.0, -21.0, -21.0, -21.0, -21.0, -21.0, -21.0, -21.0, -21.0, -21.0, -21.0, -21.0, -21.0, -21.0, -21.0, -21.0, -21.0, -21.0, -21.0, -21.0, -21.0, -21.0, -21.0, -21.0, -21.0, -21.0, -21.0, -21.0, -21.0, -21.0, -21.0, -21.0, -21.0, -21.0, -21.0, -21.0, -21.0, -21.0, -21.0, -21.0, -21.0, -21.0, -21.0, -21.0, -21.0, -21.0, -21.0, -21.0, -21.0, -21.0, -21.0, -21.0, -21.0, -21.0, -21.0, -21.0, -21.0, -21.0, -21.0, -21.0, -21.0, -21.0, -21.0, -21.0, -21.0, -21.0, -21.0, -21.0, -21.0, -21.0, -21.0, -21.0, -21.0, -21.0, -21.0, -21.0, -21.0, -21.0, -21.0, -21.0, -21.0, -21.0, -21.0, -21.0, -21.0, -21.0, -21.0, -21.0, -21.0, -21.0, -21.0, -21.0, -21.0]","[1014, 1023, 1014, 1014, 1028, 1026, 1026, 1028, 1023, 1014, 1017, 1009, 1025, 1006, 1014, 1023, 1025, 1020, 1021, 1011, 1036, 1017, 1013, 1034, 1024, 1037, 1018, 1019, 1012, 1013, 1028, 1018, 1016, 1023, 1025, 1016, 1034, 1024, 1028, 1011, 1017, 999, 1012, 1020, 1022, 1026, 1020, 1018, 1004, 1017, 1027, 1016, 1024, 1006, 1010, 1015, 1011, 1014, 1012, 1016, 1034, 1004, 1015, 1014, 1030, 1017, 1019, 1031, 1013, 1016, 1006, 1018, 1011, 1008, 1029, 1006, 1028, 1007, 1021, 1004, 1028, 1023, 1023, 1023, 1011, 1031, 1014, 1022, 1022, 1014, 1012, 1020, 1016, 1025, 1016, 1024, 1033, 1011, 1020, 1032]",1.1126596448541022,0.1649548637591223,2.423081297873832,0.05157991282372163,7987.443,500.786,474.403,8431.654,432135.791,9.256,5.577,144000,144000,79.58108108108108,9.396184419713833,3.4924597935859225e-11,4.999999873689376e-05,0.002405149,0.0015634921,0.0008416568,0.9957246,0.0,0.0,0.0
-21.0,-21.0,-21.0,1018.64,4,2,148000,False,144,37,233dc689b856488aa560b8a66fa84465,2021-02-07_22-13-35,1612732415,441.0432744026184,16327.48268866539,18237,esfinge,147.96.71.224,16327.48268866539,0,37,"[-21.0, -21.0, -21.0, -21.0, -21.0, -21.0, -21.0, -21.0, -21.0, -21.0, -21.0, -21.0, -21.0, -21.0, -21.0, -21.0, -21.0, -21.0, -21.0, -21.0, -21.0, -21.0, -21.0, -21.0, -21.0, -21.0, -21.0, -21.0, -21.0, -21.0, -21.0, -21.0, -21.0, -21.0, -21.0, -21.0, -21.0, -21.0, -21.0, -21.0, -21.0, -21.0, -21.0, -21.0, -21.0, -21.0, -21.0, -21.0, -21.0, -21.0, -21.0, -21.0, -21.0, -21.0, -21.0, -21.0, -21.0, -21.0, -21.0, -21.0, -21.0, -21.0, -21.0, -21.0, -21.0, -21.0, -21.0, -21.0, -21.0, -21.0, -21.0, -21.0, -21.0, -21.0, -21.0, -21.0, -21.0, -21.0, -21.0, -21.0, -21.0, -21.0, -21.0, -21.0, -21.0, -21.0, -21.0, -21.0, -21.0, -21.0, -21.0, -21.0, -21.0, -21.0, -21.0, -21.0, -21.0, -21.0, -21.0, -21.0]","[1031, 1028, 1023, 1006, 1023, 1014, 1017, 1009, 1025, 1006, 1014, 1023, 1025, 1020, 1021, 1011, 1036, 1017, 1013, 1034, 1024, 1037, 1018, 1019, 1012, 1013, 1028, 1018, 1016, 1023, 1025, 1016, 1034, 1024, 1028, 1011, 1017, 999, 1012, 1020, 1022, 1026, 1020, 1018, 1004, 1017, 1027, 1016, 1024, 1006, 1010, 1015, 1011, 1014, 1012, 1016, 1034, 1004, 1015, 1014, 1030, 1017, 1019, 1031, 1013, 1016, 1006, 1018, 1011, 1008, 1029, 1006, 1028, 1007, 1021, 1004, 1028, 1023, 1023, 1023, 1011, 1031, 1014, 1022, 1022, 1014, 1012, 1020, 1016, 1025, 1016, 1024, 1033, 1011, 1020, 1032, 1014, 1023, 1014, 1014]",1.1126761619199954,0.16499367044096325,2.4230645251224017,0.051579204953564606,7984.359,500.979,476.274,8398.519,432187.361,9.255,5.596,148000,148000,79.56666666666666,9.553174603174602,1.7462298967929613e-11,4.999999873689376e-05,0.00267641,0.00075023825,0.0019261718,0.99057716,0.0,0.0,0.0
-21.0,-21.0,-21.0,1018.83,4,2,152000,False,148,38,233dc689b856488aa560b8a66fa84465,2021-02-07_22-20-56,1612732856,440.4394283294678,16767.922116994858,18237,esfinge,147.96.71.224,16767.922116994858,0,38,"[-21.0, -21.0, -21.0, -21.0, -21.0, -21.0, -21.0, -21.0, -21.0, -21.0, -21.0, -21.0, -21.0, -21.0, -21.0, -21.0, -21.0, -21.0, -21.0, -21.0, -21.0, -21.0, -21.0, -21.0, -21.0, -21.0, -21.0, -21.0, -21.0, -21.0, -21.0, -21.0, -21.0, -21.0, -21.0, -21.0, -21.0, -21.0, -21.0, -21.0, -21.0, -21.0, -21.0, -21.0, -21.0, -21.0, -21.0, -21.0, -21.0, -21.0, -21.0, -21.0, -21.0, -21.0, -21.0, -21.0, -21.0, -21.0, -21.0, -21.0, -21.0, -21.0, -21.0, -21.0, -21.0, -21.0, -21.0, -21.0, -21.0, -21.0, -21.0, -21.0, -21.0, -21.0, -21.0, -21.0, -21.0, -21.0, -21.0, -21.0, -21.0, -21.0, -21.0, -21.0, -21.0, -21.0, -21.0, -21.0, -21.0, -21.0, -21.0, -21.0, -21.0, -21.0, -21.0, -21.0, -21.0, -21.0, -21.0, -21.0]","[1037, 1013, 1014, 1018, 1025, 1006, 1014, 1023, 1025, 1020, 1021, 1011, 1036, 1017, 1013, 1034, 1024, 1037, 1018, 1019, 1012, 1013, 1028, 1018, 1016, 1023, 1025, 1016, 1034, 1024, 1028, 1011, 1017, 999, 1012, 1020, 1022, 1026, 1020, 1018, 1004, 1017, 1027, 1016, 1024, 1006, 1010, 1015, 1011, 1014, 1012, 1016, 1034, 1004, 1015, 1014, 1030, 1017, 1019, 1031, 1013, 1016, 1006, 1018, 1011, 1008, 1029, 1006, 1028, 1007, 1021, 1004, 1028, 1023, 1023, 1023, 1011, 1031, 1014, 1022, 1022, 1014, 1012, 1020, 1016, 1025, 1016, 1024, 1033, 1011, 1020, 1032, 1014, 1023, 1014, 1014, 1031, 1028, 1023, 1006]",1.1126767250009073,0.16502745140290248,2.4230323177906534,0.0515786157943245,7984.888,500.946,477.249,8381.366,432142.336,9.256,5.352,152000,152000,79.57277070063694,9.192356687898089,8.731149483964806e-12,4.999999873689376e-05,0.0018194577,0.0007223213,0.00109714,0.9943557,0.0,0.0,0.0
-21.0,-21.0,-21.0,1019.08,4,2,156000,False,152,39,233dc689b856488aa560b8a66fa84465,2021-02-07_22-28-17,1612733297,440.80317425727844,17208.725291252136,18237,esfinge,147.96.71.224,17208.725291252136,0,39,"[-21.0, -21.0, -21.0, -21.0, -21.0, -21.0, -21.0, -21.0, -21.0, -21.0, -21.0, -21.0, -21.0, -21.0, -21.0, -21.0, -21.0, -21.0, -21.0, -21.0, -21.0, -21.0, -21.0, -21.0, -21.0, -21.0, -21.0, -21.0, -21.0, -21.0, -21.0, -21.0, -21.0, -21.0, -21.0, -21.0, -21.0, -21.0, -21.0, -21.0, -21.0, -21.0, -21.0, -21.0, -21.0, -21.0, -21.0, -21.0, -21.0, -21.0, -21.0, -21.0, -21.0, -21.0, -21.0, -21.0, -21.0, -21.0, -21.0, -21.0, -21.0, -21.0, -21.0, -21.0, -21.0, -21.0, -21.0, -21.0, -21.0, -21.0, -21.0, -21.0, -21.0, -21.0, -21.0, -21.0, -21.0, -21.0, -21.0, -21.0, -21.0, -21.0, -21.0, -21.0, -21.0, -21.0, -21.0, -21.0, -21.0, -21.0, -21.0, -21.0, -21.0, -21.0, -21.0, -21.0, -21.0, -21.0, -21.0, -21.0]","[1025, 1018, 1030, 1020, 1025, 1020, 1021, 1011, 1036, 1017, 1013, 1034, 1024, 1037, 1018, 1019, 1012, 1013, 1028, 1018, 1016, 1023, 1025, 1016, 1034, 1024, 1028, 1011, 1017, 999, 1012, 1020, 1022, 1026, 1020, 1018, 1004, 1017, 1027, 1016, 1024, 1006, 1010, 1015, 1011, 1014, 1012, 1016, 1034, 1004, 1015, 1014, 1030, 1017, 1019, 1031, 1013, 1016, 1006, 1018, 1011, 1008, 1029, 1006, 1028, 1007, 1021, 1004, 1028, 1023, 1023, 1023, 1011, 1031, 1014, 1022, 1022, 1014, 1012, 1020, 1016, 1025, 1016, 1024, 1033, 1011, 1020, 1032, 1014, 1023, 1014, 1014, 1031, 1028, 1023, 1006, 1037, 1013, 1014, 1018]",1.1126746975191086,0.16505294218046818,2.423010381060033,0.05157723286450542,7987.393,500.789,479.217,8346.948,432126.145,9.257,5.223,156000,156000,79.5785373608903,9.340858505564388,4.365574741982403e-12,4.999999873689376e-05,0.0035270648,0.0029123584,0.00061470794,0.9968119,0.0,0.0,0.0
-21.0,-21.0,-21.0,1019.24,4,2,160000,False,156,40,233dc689b856488aa560b8a66fa84465,2021-02-07_22-35-38,1612733738,440.93194365501404,17649.65723490715,18237,esfinge,147.96.71.224,17649.65723490715,0,40,"[-21.0, -21.0, -21.0, -21.0, -21.0, -21.0, -21.0, -21.0, -21.0, -21.0, -21.0, -21.0, -21.0, -21.0, -21.0, -21.0, -21.0, -21.0, -21.0, -21.0, -21.0, -21.0, -21.0, -21.0, -21.0, -21.0, -21.0, -21.0, -21.0, -21.0, -21.0, -21.0, -21.0, -21.0, -21.0, -21.0, -21.0, -21.0, -21.0, -21.0, -21.0, -21.0, -21.0, -21.0, -21.0, -21.0, -21.0, -21.0, -21.0, -21.0, -21.0, -21.0, -21.0, -21.0, -21.0, -21.0, -21.0, -21.0, -21.0, -21.0, -21.0, -21.0, -21.0, -21.0, -21.0, -21.0, -21.0, -21.0, -21.0, -21.0, -21.0, -21.0, -21.0, -21.0, -21.0, -21.0, -21.0, -21.0, -21.0, -21.0, -21.0, -21.0, -21.0, -21.0, -21.0, -21.0, -21.0, -21.0, -21.0, -21.0, -21.0, -21.0, -21.0, -21.0, -21.0, -21.0, -21.0, -21.0, -21.0, -21.0]","[1034, 1019, 1011, 1029, 1036, 1017, 1013, 1034, 1024, 1037, 1018, 1019, 1012, 1013, 1028, 1018, 1016, 1023, 1025, 1016, 1034, 1024, 1028, 1011, 1017, 999, 1012, 1020, 1022, 1026, 1020, 1018, 1004, 1017, 1027, 1016, 1024, 1006, 1010, 1015, 1011, 1014, 1012, 1016, 1034, 1004, 1015, 1014, 1030, 1017, 1019, 1031, 1013, 1016, 1006, 1018, 1011, 1008, 1029, 1006, 1028, 1007, 1021, 1004, 1028, 1023, 1023, 1023, 1011, 1031, 1014, 1022, 1022, 1014, 1012, 1020, 1016, 1025, 1016, 1024, 1033, 1011, 1020, 1032, 1014, 1023, 1014, 1014, 1031, 1028, 1023, 1006, 1037, 1013, 1014, 1018, 1025, 1018, 1030, 1020]",1.112682170182052,0.1650716092783782,2.422975807407778,0.05157727950452817,7989.353,500.666,480.945,8316.965,432156.144,9.256,5.381,160000,160000,79.57821939586645,9.532432432432431,2.1827873709912016e-12,4.999999873689376e-05,0.00014496162,-0.00085008075,0.0009950411,0.99479955,0.0,0.0,0.0
-21.0,-21.0,-21.0,1019.04,4,2,164000,False,160,41,233dc689b856488aa560b8a66fa84465,2021-02-07_22-42-59,1612734179,440.89284682273865,18090.55008172989,18237,esfinge,147.96.71.224,18090.55008172989,0,41,"[-21.0, -21.0, -21.0, -21.0, -21.0, -21.0, -21.0, -21.0, -21.0, -21.0, -21.0, -21.0, -21.0, -21.0, -21.0, -21.0, -21.0, -21.0, -21.0, -21.0, -21.0, -21.0, -21.0, -21.0, -21.0, -21.0, -21.0, -21.0, -21.0, -21.0, -21.0, -21.0, -21.0, -21.0, -21.0, -21.0, -21.0, -21.0, -21.0, -21.0, -21.0, -21.0, -21.0, -21.0, -21.0, -21.0, -21.0, -21.0, -21.0, -21.0, -21.0, -21.0, -21.0, -21.0, -21.0, -21.0, -21.0, -21.0, -21.0, -21.0, -21.0, -21.0, -21.0, -21.0, -21.0, -21.0, -21.0, -21.0, -21.0, -21.0, -21.0, -21.0, -21.0, -21.0, -21.0, -21.0, -21.0, -21.0, -21.0, -21.0, -21.0, -21.0, -21.0, -21.0, -21.0, -21.0, -21.0, -21.0, -21.0, -21.0, -21.0, -21.0, -21.0, -21.0, -21.0, -21.0, -21.0, -21.0, -21.0, -21.0]","[1016, 1031, 1015, 1018, 1024, 1037, 1018, 1019, 1012, 1013, 1028, 1018, 1016, 1023, 1025, 1016, 1034, 1024, 1028, 1011, 1017, 999, 1012, 1020, 1022, 1026, 1020, 1018, 1004, 1017, 1027, 1016, 1024, 1006, 1010, 1015, 1011, 1014, 1012, 1016, 1034, 1004, 1015, 1014, 1030, 1017, 1019, 1031, 1013, 1016, 1006, 1018, 1011, 1008, 1029, 1006, 1028, 1007, 1021, 1004, 1028, 1023, 1023, 1023, 1011, 1031, 1014, 1022, 1022, 1014, 1012, 1020, 1016, 1025, 1016, 1024, 1033, 1011, 1020, 1032, 1014, 1023, 1014, 1014, 1031, 1028, 1023, 1006, 1037, 1013, 1014, 1018, 1025, 1018, 1030, 1020, 1034, 1019, 1011, 1029]",1.1127044809038704,0.16507132764402435,2.4229600963365647,0.05157734008174945,7989.591,500.651,482.891,8283.445,432175.122,9.256,5.276,164000,164000,79.59077901430842,9.218759936406995,1.0913936854956008e-12,4.999999873689376e-05,0.0007949868,-0.00014487197,0.0009398578,0.99570614,0.0,0.0,0.0
-21.0,-21.0,-21.0,1018.46,4,2,168000,False,164,42,233dc689b856488aa560b8a66fa84465,2021-02-07_22-50-20,1612734620,440.76037669181824,18531.310458421707,18237,esfinge,147.96.71.224,18531.310458421707,0,42,"[-21.0, -21.0, -21.0, -21.0, -21.0, -21.0, -21.0, -21.0, -21.0, -21.0, -21.0, -21.0, -21.0, -21.0, -21.0, -21.0, -21.0, -21.0, -21.0, -21.0, -21.0, -21.0, -21.0, -21.0, -21.0, -21.0, -21.0, -21.0, -21.0, -21.0, -21.0, -21.0, -21.0, -21.0, -21.0, -21.0, -21.0, -21.0, -21.0, -21.0, -21.0, -21.0, -21.0, -21.0, -21.0, -21.0, -21.0, -21.0, -21.0, -21.0, -21.0, -21.0, -21.0, -21.0, -21.0, -21.0, -21.0, -21.0, -21.0, -21.0, -21.0, -21.0, -21.0, -21.0, -21.0, -21.0, -21.0, -21.0, -21.0, -21.0, -21.0, -21.0, -21.0, -21.0, -21.0, -21.0, -21.0, -21.0, -21.0, -21.0, -21.0, -21.0, -21.0, -21.0, -21.0, -21.0, -21.0, -21.0, -21.0, -21.0, -21.0, -21.0, -21.0, -21.0, -21.0, -21.0, -21.0, -21.0, -21.0, -21.0]","[1020, 1007, 1006, 1007, 1012, 1013, 1028, 1018, 1016, 1023, 1025, 1016, 1034, 1024, 1028, 1011, 1017, 999, 1012, 1020, 1022, 1026, 1020, 1018, 1004, 1017, 1027, 1016, 1024, 1006, 1010, 1015, 1011, 1014, 1012, 1016, 1034, 1004, 1015, 1014, 1030, 1017, 1019, 1031, 1013, 1016, 1006, 1018, 1011, 1008, 1029, 1006, 1028, 1007, 1021, 1004, 1028, 1023, 1023, 1023, 1011, 1031, 1014, 1022, 1022, 1014, 1012, 1020, 1016, 1025, 1016, 1024, 1033, 1011, 1020, 1032, 1014, 1023, 1014, 1014, 1031, 1028, 1023, 1006, 1037, 1013, 1014, 1018, 1025, 1018, 1030, 1020, 1034, 1019, 1011, 1029, 1016, 1031, 1015, 1018]",1.1127122779673175,0.16506255513353016,2.422919243412976,0.051577183285333776,7993.129,500.43,483.884,8266.437,432153.929,9.256,5.303,168000,168000,79.57694753577105,9.383624801271862,5.456968427478004e-13,4.999999873689376e-05,-0.0012522839,-0.0020690267,0.00081674225,0.9962307,0.0,0.0,0.0
-21.0,-21.0,-21.0,1018.81,4,2,172000,False,168,43,233dc689b856488aa560b8a66fa84465,2021-02-07_22-57-41,1612735061,440.4536111354828,18971.76406955719,18237,esfinge,147.96.71.224,18971.76406955719,0,43,"[-21.0, -21.0, -21.0, -21.0, -21.0, -21.0, -21.0, -21.0, -21.0, -21.0, -21.0, -21.0, -21.0, -21.0, -21.0, -21.0, -21.0, -21.0, -21.0, -21.0, -21.0, -21.0, -21.0, -21.0, -21.0, -21.0, -21.0, -21.0, -21.0, -21.0, -21.0, -21.0, -21.0, -21.0, -21.0, -21.0, -21.0, -21.0, -21.0, -21.0, -21.0, -21.0, -21.0, -21.0, -21.0, -21.0, -21.0, -21.0, -21.0, -21.0, -21.0, -21.0, -21.0, -21.0, -21.0, -21.0, -21.0, -21.0, -21.0, -21.0, -21.0, -21.0, -21.0, -21.0, -21.0, -21.0, -21.0, -21.0, -21.0, -21.0, -21.0, -21.0, -21.0, -21.0, -21.0, -21.0, -21.0, -21.0, -21.0, -21.0, -21.0, -21.0, -21.0, -21.0, -21.0, -21.0, -21.0, -21.0, -21.0, -21.0, -21.0, -21.0, -21.0, -21.0, -21.0, -21.0, -21.0, -21.0, -21.0, -21.0]","[1027, 1016, 1021, 1042, 1016, 1023, 1025, 1016, 1034, 1024, 1028, 1011, 1017, 999, 1012, 1020, 1022, 1026, 1020, 1018, 1004, 1017, 1027, 1016, 1024, 1006, 1010, 1015, 1011, 1014, 1012, 1016, 1034, 1004, 1015, 1014, 1030, 1017, 1019, 1031, 1013, 1016, 1006, 1018, 1011, 1008, 1029, 1006, 1028, 1007, 1021, 1004, 1028, 1023, 1023, 1023, 1011, 1031, 1014, 1022, 1022, 1014, 1012, 1020, 1016, 1025, 1016, 1024, 1033, 1011, 1020, 1032, 1014, 1023, 1014, 1014, 1031, 1028, 1023, 1006, 1037, 1013, 1014, 1018, 1025, 1018, 1030, 1020, 1034, 1019, 1011, 1029, 1016, 1031, 1015, 1018, 1020, 1007, 1006, 1007]",1.1127164072805875,0.16504079448339062,2.422890876512261,0.05157741784095091,8000.249,499.984,483.892,8266.309,432126.404,9.257,5.221,172000,172000,79.57980922098568,9.56470588235294,2.728484213739002e-13,4.999999873689376e-05,0.0021325813,0.00065306044,0.0014795221,0.9931667,0.0,0.0,0.0
-21.0,-21.0,-21.0,1018.74,4,2,176000,False,172,44,233dc689b856488aa560b8a66fa84465,2021-02-07_23-05-02,1612735502,440.54114174842834,19412.30521130562,18237,esfinge,147.96.71.224,19412.30521130562,0,44,"[-21.0, -21.0, -21.0, -21.0, -21.0, -21.0, -21.0, -21.0, -21.0, -21.0, -21.0, -21.0, -21.0, -21.0, -21.0, -21.0, -21.0, -21.0, -21.0, -21.0, -21.0, -21.0, -21.0, -21.0, -21.0, -21.0, -21.0, -21.0, -21.0, -21.0, -21.0, -21.0, -21.0, -21.0, -21.0, -21.0, -21.0, -21.0, -21.0, -21.0, -21.0, -21.0, -21.0, -21.0, -21.0, -21.0, -21.0, -21.0, -21.0, -21.0, -21.0, -21.0, -21.0, -21.0, -21.0, -21.0, -21.0, -21.0, -21.0, -21.0, -21.0, -21.0, -21.0, -21.0, -21.0, -21.0, -21.0, -21.0, -21.0, -21.0, -21.0, -21.0, -21.0, -21.0, -21.0, -21.0, -21.0, -21.0, -21.0, -21.0, -21.0, -21.0, -21.0, -21.0, -21.0, -21.0, -21.0, -21.0, -21.0, -21.0, -21.0, -21.0, -21.0, -21.0, -21.0, -21.0, -21.0, -21.0, -21.0, -21.0]","[1023, 1007, 1024, 1019, 1034, 1024, 1028, 1011, 1017, 999, 1012, 1020, 1022, 1026, 1020, 1018, 1004, 1017, 1027, 1016, 1024, 1006, 1010, 1015, 1011, 1014, 1012, 1016, 1034, 1004, 1015, 1014, 1030, 1017, 1019, 1031, 1013, 1016, 1006, 1018, 1011, 1008, 1029, 1006, 1028, 1007, 1021, 1004, 1028, 1023, 1023, 1023, 1011, 1031, 1014, 1022, 1022, 1014, 1012, 1020, 1016, 1025, 1016, 1024, 1033, 1011, 1020, 1032, 1014, 1023, 1014, 1014, 1031, 1028, 1023, 1006, 1037, 1013, 1014, 1018, 1025, 1018, 1030, 1020, 1034, 1019, 1011, 1029, 1016, 1031, 1015, 1018, 1020, 1007, 1006, 1007, 1027, 1016, 1021, 1042]",1.1127240021570544,0.16501964601421776,2.42285324878725,0.05157809318169147,8003.381,499.789,484.386,8257.869,432094.988,9.257,5.238,176000,176000,79.57531847133758,9.1843949044586,1.364242106869501e-13,4.999999873689376e-05,0.0016096609,0.00042342755,0.0011862329,0.9947489,0.0,0.0,0.0
-21.0,-21.0,-21.0,1018.78,4,2,180000,False,176,45,233dc689b856488aa560b8a66fa84465,2021-02-07_23-12-23,1612735943,440.748375415802,19853.05358672142,18237,esfinge,147.96.71.224,19853.05358672142,0,45,"[-21.0, -21.0, -21.0, -21.0, -21.0, -21.0, -21.0, -21.0, -21.0, -21.0, -21.0, -21.0, -21.0, -21.0, -21.0, -21.0, -21.0, -21.0, -21.0, -21.0, -21.0, -21.0, -21.0, -21.0, -21.0, -21.0, -21.0, -21.0, -21.0, -21.0, -21.0, -21.0, -21.0, -21.0, -21.0, -21.0, -21.0, -21.0, -21.0, -21.0, -21.0, -21.0, -21.0, -21.0, -21.0, -21.0, -21.0, -21.0, -21.0, -21.0, -21.0, -21.0, -21.0, -21.0, -21.0, -21.0, -21.0, -21.0, -21.0, -21.0, -21.0, -21.0, -21.0, -21.0, -21.0, -21.0, -21.0, -21.0, -21.0, -21.0, -21.0, -21.0, -21.0, -21.0, -21.0, -21.0, -21.0, -21.0, -21.0, -21.0, -21.0, -21.0, -21.0, -21.0, -21.0, -21.0, -21.0, -21.0, -21.0, -21.0, -21.0, -21.0, -21.0, -21.0, -21.0, -21.0, -21.0, -21.0, -21.0, -21.0]","[1020, 1027, 1031, 1023, 1017, 999, 1012, 1020, 1022, 1026, 1020, 1018, 1004, 1017, 1027, 1016, 1024, 1006, 1010, 1015, 1011, 1014, 1012, 1016, 1034, 1004, 1015, 1014, 1030, 1017, 1019, 1031, 1013, 1016, 1006, 1018, 1011, 1008, 1029, 1006, 1028, 1007, 1021, 1004, 1028, 1023, 1023, 1023, 1011, 1031, 1014, 1022, 1022, 1014, 1012, 1020, 1016, 1025, 1016, 1024, 1033, 1011, 1020, 1032, 1014, 1023, 1014, 1014, 1031, 1028, 1023, 1006, 1037, 1013, 1014, 1018, 1025, 1018, 1030, 1020, 1034, 1019, 1011, 1029, 1016, 1031, 1015, 1018, 1020, 1007, 1006, 1007, 1027, 1016, 1021, 1042, 1023, 1007, 1024, 1019]",1.1127242989033146,0.16500916486818742,2.422827301773175,0.05157840369364536,8008.116,499.493,482.903,8283.246,432095.643,9.257,5.229,180000,180000,79.57201907790143,9.375039745627982,6.821210534347505e-14,4.999999873689376e-05,5.2929645e-05,-0.00088042824,0.00093336,0.9953822,0.0,0.0,0.0
-21.0,-21.0,-21.0,1018.91,4,2,184000,False,180,46,233dc689b856488aa560b8a66fa84465,2021-02-07_23-19-44,1612736384,440.99492383003235,20294.048510551453,18237,esfinge,147.96.71.224,20294.048510551453,0,46,"[-21.0, -21.0, -21.0, -21.0, -21.0, -21.0, -21.0, -21.0, -21.0, -21.0, -21.0, -21.0, -21.0, -21.0, -21.0, -21.0, -21.0, -21.0, -21.0, -21.0, -21.0, -21.0, -21.0, -21.0, -21.0, -21.0, -21.0, -21.0, -21.0, -21.0, -21.0, -21.0, -21.0, -21.0, -21.0, -21.0, -21.0, -21.0, -21.0, -21.0, -21.0, -21.0, -21.0, -21.0, -21.0, -21.0, -21.0, -21.0, -21.0, -21.0, -21.0, -21.0, -21.0, -21.0, -21.0, -21.0, -21.0, -21.0, -21.0, -21.0, -21.0, -21.0, -21.0, -21.0, -21.0, -21.0, -21.0, -21.0, -21.0, -21.0, -21.0, -21.0, -21.0, -21.0, -21.0, -21.0, -21.0, -21.0, -21.0, -21.0, -21.0, -21.0, -21.0, -21.0, -21.0, -21.0, -21.0, -21.0, -21.0, -21.0, -21.0, -21.0, -21.0, -21.0, -21.0, -21.0, -21.0, -21.0, -21.0, -21.0]","[1018, 1018, 1015, 1010, 1022, 1026, 1020, 1018, 1004, 1017, 1027, 1016, 1024, 1006, 1010, 1015, 1011, 1014, 1012, 1016, 1034, 1004, 1015, 1014, 1030, 1017, 1019, 1031, 1013, 1016, 1006, 1018, 1011, 1008, 1029, 1006, 1028, 1007, 1021, 1004, 1028, 1023, 1023, 1023, 1011, 1031, 1014, 1022, 1022, 1014, 1012, 1020, 1016, 1025, 1016, 1024, 1033, 1011, 1020, 1032, 1014, 1023, 1014, 1014, 1031, 1028, 1023, 1006, 1037, 1013, 1014, 1018, 1025, 1018, 1030, 1020, 1034, 1019, 1011, 1029, 1016, 1031, 1015, 1018, 1020, 1007, 1006, 1007, 1027, 1016, 1021, 1042, 1023, 1007, 1024, 1019, 1020, 1027, 1031, 1023]",1.1127327047142084,0.16499950581137862,2.4227955624779294,0.051579268124307305,8014.574,499.091,482.324,8293.178,432121.505,9.257,5.213,184000,184000,79.56460317460316,9.573333333333332,3.4106052671737525e-14,4.999999873689376e-05,0.0013962148,0.00021291753,0.0011832942,0.9942378,0.0,0.0,0.0
-21.0,-21.0,-21.0,1018.81,4,2,188000,False,184,47,233dc689b856488aa560b8a66fa84465,2021-02-07_23-27-05,1612736825,440.8492257595062,20734.89773631096,18237,esfinge,147.96.71.224,20734.89773631096,0,47,"[-21.0, -21.0, -21.0, -21.0, -21.0, -21.0, -21.0, -21.0, -21.0, -21.0, -21.0, -21.0, -21.0, -21.0, -21.0, -21.0, -21.0, -21.0, -21.0, -21.0, -21.0, -21.0, -21.0, -21.0, -21.0, -21.0, -21.0, -21.0, -21.0, -21.0, -21.0, -21.0, -21.0, -21.0, -21.0, -21.0, -21.0, -21.0, -21.0, -21.0, -21.0, -21.0, -21.0, -21.0, -21.0, -21.0, -21.0, -21.0, -21.0, -21.0, -21.0, -21.0, -21.0, -21.0, -21.0, -21.0, -21.0, -21.0, -21.0, -21.0, -21.0, -21.0, -21.0, -21.0, -21.0, -21.0, -21.0, -21.0, -21.0, -21.0, -21.0, -21.0, -21.0, -21.0, -21.0, -21.0, -21.0, -21.0, -21.0, -21.0, -21.0, -21.0, -21.0, -21.0, -21.0, -21.0, -21.0, -21.0, -21.0, -21.0, -21.0, -21.0, -21.0, -21.0, -21.0, -21.0, -21.0, -21.0, -21.0, -21.0]","[1031, 1023, 1006, 1016, 1004, 1017, 1027, 1016, 1024, 1006, 1010, 1015, 1011, 1014, 1012, 1016, 1034, 1004, 1015, 1014, 1030, 1017, 1019, 1031, 1013, 1016, 1006, 1018, 1011, 1008, 1029, 1006, 1028, 1007, 1021, 1004, 1028, 1023, 1023, 1023, 1011, 1031, 1014, 1022, 1022, 1014, 1012, 1020, 1016, 1025, 1016, 1024, 1033, 1011, 1020, 1032, 1014, 1023, 1014, 1014, 1031, 1028, 1023, 1006, 1037, 1013, 1014, 1018, 1025, 1018, 1030, 1020, 1034, 1019, 1011, 1029, 1016, 1031, 1015, 1018, 1020, 1007, 1006, 1007, 1027, 1016, 1021, 1042, 1023, 1007, 1024, 1019, 1020, 1027, 1031, 1023, 1018, 1018, 1015, 1010]",1.1127384895532493,0.16500133448956483,2.4227737182117903,0.05158043130485213,8018.781,498.829,481.8,8302.207,432097.897,9.257,5.529,188000,188000,79.57154213036566,9.214467408585055,1.7053026335868762e-14,4.999999873689376e-05,-0.0027584366,-0.0035374102,0.00077897543,0.9960054,0.0,0.0,0.0
-21.0,-21.0,-21.0,1018.98,4,2,192000,False,188,48,233dc689b856488aa560b8a66fa84465,2021-02-07_23-34-26,1612737266,440.70616126060486,21175.603897571564,18237,esfinge,147.96.71.224,21175.603897571564,0,48,"[-21.0, -21.0, -21.0, -21.0, -21.0, -21.0, -21.0, -21.0, -21.0, -21.0, -21.0, -21.0, -21.0, -21.0, -21.0, -21.0, -21.0, -21.0, -21.0, -21.0, -21.0, -21.0, -21.0, -21.0, -21.0, -21.0, -21.0, -21.0, -21.0, -21.0, -21.0, -21.0, -21.0, -21.0, -21.0, -21.0, -21.0, -21.0, -21.0, -21.0, -21.0, -21.0, -21.0, -21.0, -21.0, -21.0, -21.0, -21.0, -21.0, -21.0, -21.0, -21.0, -21.0, -21.0, -21.0, -21.0, -21.0, -21.0, -21.0, -21.0, -21.0, -21.0, -21.0, -21.0, -21.0, -21.0, -21.0, -21.0, -21.0, -21.0, -21.0, -21.0, -21.0, -21.0, -21.0, -21.0, -21.0, -21.0, -21.0, -21.0, -21.0, -21.0, -21.0, -21.0, -21.0, -21.0, -21.0, -21.0, -21.0, -21.0, -21.0, -21.0, -21.0, -21.0, -21.0, -21.0, -21.0, -21.0, -21.0, -21.0]","[1017, 1029, 1024, 1011, 1024, 1006, 1010, 1015, 1011, 1014, 1012, 1016, 1034, 1004, 1015, 1014, 1030, 1017, 1019, 1031, 1013, 1016, 1006, 1018, 1011, 1008, 1029, 1006, 1028, 1007, 1021, 1004, 1028, 1023, 1023, 1023, 1011, 1031, 1014, 1022, 1022, 1014, 1012, 1020, 1016, 1025, 1016, 1024, 1033, 1011, 1020, 1032, 1014, 1023, 1014, 1014, 1031, 1028, 1023, 1006, 1037, 1013, 1014, 1018, 1025, 1018, 1030, 1020, 1034, 1019, 1011, 1029, 1016, 1031, 1015, 1018, 1020, 1007, 1006, 1007, 1027, 1016, 1021, 1042, 1023, 1007, 1024, 1019, 1020, 1027, 1031, 1023, 1018, 1018, 1015, 1010, 1031, 1023, 1006, 1016]",1.1127457454741383,0.1649908033844528,2.4227424725629567,0.05158180101611247,8025.234,498.428,481.488,8307.577,432118.685,9.257,5.636,192000,192000,79.58219395866455,9.375516693163753,8.526513167934381e-15,4.999999873689376e-05,0.001815638,0.001244146,0.00057149207,0.9972317,0.0,0.0,0.0
-21.0,-21.0,-21.0,1019.01,4,2,196000,False,192,49,233dc689b856488aa560b8a66fa84465,2021-02-07_23-41-47,1612737707,440.82005047798157,21616.423948049545,18237,esfinge,147.96.71.224,21616.423948049545,0,49,"[-21.0, -21.0, -21.0, -21.0, -21.0, -21.0, -21.0, -21.0, -21.0, -21.0, -21.0, -21.0, -21.0, -21.0, -21.0, -21.0, -21.0, -21.0, -21.0, -21.0, -21.0, -21.0, -21.0, -21.0, -21.0, -21.0, -21.0, -21.0, -21.0, -21.0, -21.0, -21.0, -21.0, -21.0, -21.0, -21.0, -21.0, -21.0, -21.0, -21.0, -21.0, -21.0, -21.0, -21.0, -21.0, -21.0, -21.0, -21.0, -21.0, -21.0, -21.0, -21.0, -21.0, -21.0, -21.0, -21.0, -21.0, -21.0, -21.0, -21.0, -21.0, -21.0, -21.0, -21.0, -21.0, -21.0, -21.0, -21.0, -21.0, -21.0, -21.0, -21.0, -21.0, -21.0, -21.0, -21.0, -21.0, -21.0, -21.0, -21.0, -21.0, -21.0, -21.0, -21.0, -21.0, -21.0, -21.0, -21.0, -21.0, -21.0, -21.0, -21.0, -21.0, -21.0, -21.0, -21.0, -21.0, -21.0, -21.0, -21.0]","[1013, 1025, 1010, 1010, 1011, 1014, 1012, 1016, 1034, 1004, 1015, 1014, 1030, 1017, 1019, 1031, 1013, 1016, 1006, 1018, 1011, 1008, 1029, 1006, 1028, 1007, 1021, 1004, 1028, 1023, 1023, 1023, 1011, 1031, 1014, 1022, 1022, 1014, 1012, 1020, 1016, 1025, 1016, 1024, 1033, 1011, 1020, 1032, 1014, 1023, 1014, 1014, 1031, 1028, 1023, 1006, 1037, 1013, 1014, 1018, 1025, 1018, 1030, 1020, 1034, 1019, 1011, 1029, 1016, 1031, 1015, 1018, 1020, 1007, 1006, 1007, 1027, 1016, 1021, 1042, 1023, 1007, 1024, 1019, 1020, 1027, 1031, 1023, 1018, 1018, 1015, 1010, 1031, 1023, 1006, 1016, 1017, 1029, 1024, 1011]",1.112746681711586,0.16497039137303837,2.422717093826733,0.05158330510130206,8025.443,498.415,481.775,8302.633,432119.408,9.257,5.656,196000,196000,79.57774244833068,9.557869634340221,4.2632565839671906e-15,4.999999873689376e-05,0.0010102685,0.00033828762,0.00067198375,0.99668825,0.0,0.0,0.0
-21.0,-21.0,-21.0,1019.22,4,2,200000,False,196,50,233dc689b856488aa560b8a66fa84465,2021-02-07_23-49-08,1612738148,440.8516278266907,22057.275575876236,18237,esfinge,147.96.71.224,22057.275575876236,0,50,"[-21.0, -21.0, -21.0, -21.0, -21.0, -21.0, -21.0, -21.0, -21.0, -21.0, -21.0, -21.0, -21.0, -21.0, -21.0, -21.0, -21.0, -21.0, -21.0, -21.0, -21.0, -21.0, -21.0, -21.0, -21.0, -21.0, -21.0, -21.0, -21.0, -21.0, -21.0, -21.0, -21.0, -21.0, -21.0, -21.0, -21.0, -21.0, -21.0, -21.0, -21.0, -21.0, -21.0, -21.0, -21.0, -21.0, -21.0, -21.0, -21.0, -21.0, -21.0, -21.0, -21.0, -21.0, -21.0, -21.0, -21.0, -21.0, -21.0, -21.0, -21.0, -21.0, -21.0, -21.0, -21.0, -21.0, -21.0, -21.0, -21.0, -21.0, -21.0, -21.0, -21.0, -21.0, -21.0, -21.0, -21.0, -21.0, -21.0, -21.0, -21.0, -21.0, -21.0, -21.0, -21.0, -21.0, -21.0, -21.0, -21.0, -21.0, -21.0, -21.0, -21.0, -21.0, -21.0, -21.0, -21.0, -21.0, -21.0, -21.0]","[1010, 1034, 1020, 1010, 1034, 1004, 1015, 1014, 1030, 1017, 1019, 1031, 1013, 1016, 1006, 1018, 1011, 1008, 1029, 1006, 1028, 1007, 1021, 1004, 1028, 1023, 1023, 1023, 1011, 1031, 1014, 1022, 1022, 1014, 1012, 1020, 1016, 1025, 1016, 1024, 1033, 1011, 1020, 1032, 1014, 1023, 1014, 1014, 1031, 1028, 1023, 1006, 1037, 1013, 1014, 1018, 1025, 1018, 1030, 1020, 1034, 1019, 1011, 1029, 1016, 1031, 1015, 1018, 1020, 1007, 1006, 1007, 1027, 1016, 1021, 1042, 1023, 1007, 1024, 1019, 1020, 1027, 1031, 1023, 1018, 1018, 1015, 1010, 1031, 1023, 1006, 1016, 1017, 1029, 1024, 1011, 1013, 1025, 1010, 1010]",1.1127461672052448,0.16494280259401783,2.422683190400493,0.05158531202453629,8029.884,498.139,479.858,8335.804,432108.955,9.257,5.616,200000,200000,79.58282988871225,9.251510333863274,2.1316282919835953e-15,4.999999873689376e-05,-0.0006378357,-0.0011254608,0.00048762353,0.997469,0.0,0.0,0.0
