521,nan,nan,nan,nan,75252.797
522,nan,nan,nan,nan,72779.248
523,nan,nan,nan,nan,71850.114
524,-21.0,-21.0,-21.0,1015.125,71351.25
525,-21.0,-21.0,-21.0,1014.1666666666666,70967.657
526,-21.0,-21.0,-21.0,1016.6875,70742.847
527,-21.0,-21.0,-21.0,1017.25,70620.412
528,-21.0,-21.0,-21.0,1017.25,70420.781
529,-21.0,-21.0,-21.0,1018.1875,70298.254
530,-21.0,-21.0,-21.0,1017.9428571428572,70182.971
531,-21.0,-21.0,-21.0,1018.075,69530.266
532,-21.0,-21.0,-21.0,1018.2083333333334,69377.67
533,-21.0,-21.0,-21.0,1018.2083333333334,69259.007
534,-21.0,-21.0,-21.0,1018.0357142857143,69062.649
535,-21.0,-21.0,-21.0,1018.1666666666666,69021.885
536,-21.0,-21.0,-21.0,1018.015625,68931.896
537,-21.0,-21.0,-21.0,1018.0833333333334,68820.358
538,-21.0,-21.0,-21.0,1018.0833333333334,68789.214
539,-21.0,-21.0,-21.0,1017.8,68665.187
540,-21.0,-21.0,-21.0,1017.3734939759037,68551.536
541,-21.0,-21.0,-21.0,1017.5795454545455,68524.978
542,-21.0,-21.0,-21.0,1018.25,68470.54
543,-21.0,-21.0,-21.0,1018.25,68428.912
544,-21.0,-21.0,-21.0,1018.12,68491.605
545,-21.0,-21.0,-21.0,1018.33,68371.652
546,-21.0,-21.0,-21.0,1018.83,68373.384
547,-21.0,-21.0,-21.0,1018.56,68319.466
548,-21.0,-21.0,-21.0,1018.56,68309.944
549,-21.0,-21.0,-21.0,1018.0,68290.417
550,-21.0,-21.0,-21.0,1017.96,68214.097
551,-21.0,-21.0,-21.0,1017.99,68186.103
552,-21.0,-21.0,-21.0,1017.8,68118.72
553,-21.0,-21.0,-21.0,1017.8,68126.932
554,-21.0,-21.0,-21.0,1017.42,68116.476
555,-21.0,-21.0,-21.0,1017.69,68129.957
556,-21.0,-21.0,-21.0,1017.73,68062.58
557,-21.0,-21.0,-21.0,1017.42,68074.797
558,-21.0,-21.0,-21.0,1017.42,68080.857
559,-21.0,-21.0,-21.0,1017.09,68060.096
560,-21.0,-21.0,-21.0,1017.21,68223.077
561,-21.0,-21.0,-21.0,1017.97,68262.997
562,-21.0,-21.0,-21.0,1017.92,68299.397
563,-21.0,-21.0,-21.0,1017.92,68300.791
564,-21.0,-21.0,-21.0,1017.77,68277.003
565,-21.0,-21.0,-21.0,1017.77,68289.633
566,-21.0,-21.0,-21.0,1017.82,68355.966
567,-21.0,-21.0,-21.0,1017.76,68334.998
568,-21.0,-21.0,-21.0,1017.76,68295.111
569,-21.0,-21.0,-21.0,1017.85,68385.128
570,-21.0,-21.0,-21.0,1017.96,68271.805
571,-21.0,-21.0,-21.0,1018.19,68255.761
572,-21.0,-21.0,-21.0,1018.29,68311.866
573,-21.0,-21.0,-21.0,1018.29,68237.178
574,-21.0,-21.0,-21.0,1017.92,68241.64
575,-21.0,-21.0,-21.0,1018.13,68263.545
576,-21.0,-21.0,-21.0,1018.04,68270.907
577,-21.0,-21.0,-21.0,1018.37,68228.301
578,-21.0,-21.0,-21.0,1018.37,68277.98
579,-21.0,-21.0,-21.0,1018.59,68220.5
580,-21.0,-21.0,-21.0,1018.55,68262.76
581,-21.0,-21.0,-21.0,1018.24,68273.514
582,-21.0,-21.0,-21.0,1017.84,68270.81
583,-21.0,-21.0,-21.0,1017.84,68343.587
584,-21.0,-21.0,-21.0,1018.12,68411.271
585,-21.0,-21.0,-21.0,1017.72,68404.99
586,-21.0,-21.0,-21.0,1018.07,68374.177
587,-21.0,-21.0,-21.0,1018.54,68431.188
588,-21.0,-21.0,-21.0,1018.49,68414.954
589,-21.0,-21.0,-21.0,1018.13,68425.279
590,-21.0,-21.0,-21.0,1018.16,68400.174
591,-21.0,-21.0,-21.0,1018.26,68359.407
592,-21.0,-21.0,-21.0,1018.08,68376.643
593,-21.0,-21.0,-21.0,1018.39,68351.353
594,-21.0,-21.0,-21.0,1018.43,68332.264
595,-21.0,-21.0,-21.0,1018.52,68293.674
596,-21.0,-21.0,-21.0,1018.24,68291.744
597,-21.0,-21.0,-21.0,1018.27,68266.118
598,-21.0,-21.0,-21.0,1018.2,68248.669
599,-21.0,-21.0,-21.0,1018.31,68252.002
600,-21.0,-21.0,-21.0,1018.56,68334.472
601,-21.0,-21.0,-21.0,1019.04,68354.614
602,-21.0,-21.0,-21.0,1019.2,68348.862
603,-21.0,-21.0,-21.0,1019.04,68434.995
604,-21.0,-21.0,-21.0,1018.49,68412.424
605,-21.0,-21.0,-21.0,1018.53,68398.245
606,-21.0,-21.0,-21.0,1018.84,68420.419
607,-21.0,-21.0,-21.0,1018.71,68521.696
608,-21.0,-21.0,-21.0,1018.52,68492.432
609,-21.0,-21.0,-21.0,1018.41,68497.991
610,-21.0,-21.0,-21.0,1018.49,68468.605
611,-21.0,-21.0,-21.0,1018.75,68491.336
612,-21.0,-21.0,-21.0,1018.67,68419.416
613,-21.0,-21.0,-21.0,1018.63,68391.512
614,-21.0,-21.0,-21.0,1018.42,68371.358
615,-21.0,-21.0,-21.0,1018.4,68350.65
616,-21.0,-21.0,-21.0,1019.06,68367.568
617,-21.0,-21.0,-21.0,1019.54,68241.395
618,-21.0,-21.0,-21.0,1019.45,68211.303
619,-21.0,-21.0,-21.0,1019.2,68146.014
620,-21.0,-21.0,-21.0,1019.35,68109.152
621,-21.0,-21.0,-21.0,1019.32,68032.416
622,-21.0,-21.0,-21.0,1019.16,68125.505
623,-21.0,-21.0,-21.0,1019.41,68055.353
624,-21.0,-21.0,-21.0,1019.25,68020.756
625,-21.0,-21.0,-21.0,1019.41,68083.538
626,-21.0,-21.0,-21.0,1019.35,68053.788
627,-21.0,-21.0,-21.0,1019.54,68086.271
628,-21.0,-21.0,-21.0,1019.7,68139.157
629,-21.0,-21.0,-21.0,1019.84,68226.854
630,-21.0,-21.0,-21.0,1020.01,68211.703
631,-21.0,-21.0,-21.0,1019.56,68270.886
632,-21.0,-21.0,-21.0,1020.2,68236.042
633,-21.0,-21.0,-21.0,1020.43,68214.153
634,-21.0,-21.0,-21.0,1020.4,68241.374
635,-21.0,-21.0,-21.0,1020.43,68196.66
636,-21.0,-21.0,-21.0,1020.38,68090.297
637,-21.0,-21.0,-21.0,1019.55,68061.849
638,-21.0,-21.0,-21.0,1019.58,68067.41
639,-21.0,-21.0,-21.0,1019.93,68008.531
640,-21.0,-21.0,-21.0,1019.96,68040.79
641,-21.0,-21.0,-21.0,1020.0,68021.382
642,-21.0,-21.0,-21.0,1019.32,67976.847
643,-21.0,-21.0,-21.0,1019.63,67926.669
644,-21.0,-21.0,-21.0,1019.27,67940.327
645,-21.0,-21.0,-21.0,1019.29,68011.698
646,-21.0,-21.0,-21.0,1019.17,68012.618
647,-21.0,-21.0,-21.0,1019.33,68100.009
648,-21.0,-21.0,-21.0,1019.07,68064.837
649,-21.0,-21.0,-21.0,1019.11,68117.655
650,-21.0,-21.0,-21.0,1019.03,68022.457
651,-21.0,-21.0,-21.0,1018.2,68014.052
652,-21.0,-21.0,-21.0,1018.24,68046.324
653,-21.0,-21.0,-21.0,1017.93,68131.619
654,-21.0,-21.0,-21.0,1017.96,68081.242
655,-21.0,-21.0,-21.0,1018.17,68028.471
656,-21.0,-21.0,-21.0,1018.62,68127.659
657,-21.0,-21.0,-21.0,1018.71,68128.637
658,-21.0,-21.0,-21.0,1018.83,68097.655
659,-21.0,-21.0,-21.0,1018.59,68065.357
660,-21.0,-21.0,-21.0,1018.59,68198.334
661,-21.0,-21.0,-21.0,1018.68,68165.238
662,-21.0,-21.0,-21.0,1018.99,68151.638
663,-21.0,-21.0,-21.0,1019.4,68159.464
664,-21.0,-21.0,-21.0,1019.51,68228.89
665,-21.0,-21.0,-21.0,1019.61,68247.621
666,-21.0,-21.0,-21.0,1020.31,68173.606
667,-21.0,-21.0,-21.0,1020.28,68171.525
668,-21.0,-21.0,-21.0,1020.1,68177.191
669,-21.0,-21.0,-21.0,1019.78,68147.208
670,-21.0,-21.0,-21.0,1019.75,68049.271
671,-21.0,-21.0,-21.0,1020.06,68089.829
672,-21.0,-21.0,-21.0,1020.12,68043.087
673,-21.0,-21.0,-21.0,1020.16,68011.102
674,-21.0,-21.0,-21.0,1020.57,67983.305
675,-21.0,-21.0,-21.0,1020.6,67986.268
676,-21.0,-21.0,-21.0,1020.76,67998.43
677,-21.0,-21.0,-21.0,1020.53,67866.607
678,-21.0,-21.0,-21.0,1020.48,67846.95
679,-21.0,-21.0,-21.0,1019.56,67799.34
680,-21.0,-21.0,-21.0,1019.7,67808.031
681,-21.0,-21.0,-21.0,1019.98,67776.747
682,-21.0,-21.0,-21.0,1019.62,67834.5
683,-21.0,-21.0,-21.0,1019.78,67785.484
684,-21.0,-21.0,-21.0,1019.57,67812.304
685,-21.0,-21.0,-21.0,1019.6,67851.95
686,-21.0,-21.0,-21.0,1019.19,67857.778
687,-21.0,-21.0,-21.0,1018.94,67949.197
688,-21.0,-21.0,-21.0,1019.29,67996.576
689,-21.0,-21.0,-21.0,1019.59,67998.935
690,-21.0,-21.0,-21.0,1019.66,68077.37
691,-21.0,-21.0,-21.0,1019.98,68117.573
692,-21.0,-21.0,-21.0,1019.81,68124.63
693,-21.0,-21.0,-21.0,1019.76,68205.53
694,-21.0,-21.0,-21.0,1019.47,68103.402
695,-21.0,-21.0,-21.0,1019.39,68050.689
696,-21.0,-21.0,-21.0,1019.02,68066.906
697,-21.0,-21.0,-21.0,1018.98,68020.54
698,-21.0,-21.0,-21.0,1018.73,68078.019
699,-21.0,-21.0,-21.0,1019.03,68102.282
700,-21.0,-21.0,-21.0,1019.33,68129.1
701,-21.0,-21.0,-21.0,1019.08,68094.294
702,-21.0,-21.0,-21.0,1018.89,68038.515
703,-21.0,-21.0,-21.0,1019.04,68045.73
704,-21.0,-21.0,-21.0,1018.7,68148.169
705,-21.0,-21.0,-21.0,1018.58,68123.102
706,-21.0,-21.0,-21.0,1019.03,68125.276
707,-21.0,-21.0,-21.0,1018.9,68087.928
708,-21.0,-21.0,-21.0,1018.74,68052.142
709,-21.0,-21.0,-21.0,1018.41,68097.694
710,-21.0,-21.0,-21.0,1018.86,67961.419
711,-21.0,-21.0,-21.0,1018.74,67993.903
712,-21.0,-21.0,-21.0,1018.94,67984.931
713,-21.0,-21.0,-21.0,1018.87,67944.61
714,-21.0,-21.0,-21.0,1018.99,67896.515
715,-21.0,-21.0,-21.0,1018.78,68011.001
716,-21.0,-21.0,-21.0,1018.84,68010.205
717,-21.0,-21.0,-21.0,1018.91,68065.288
718,-21.0,-21.0,-21.0,1019.15,68086.483
719,-21.0,-21.0,-21.0,1019.64,68065.876
720,-21.0,-21.0,-21.0,1019.6,68103.994
721,-21.0,-21.0,-21.0,1019.69,68055.773
722,-21.0,-21.0,-21.0,1019.5,68100.46
723,-21.0,-21.0,-21.0,1019.79,68096.711
724,-21.0,-21.0,-21.0,1020.42,68161.783
725,-21.0,-21.0,-21.0,1020.42,68127.796
726,-21.0,-21.0,-21.0,1020.82,68178.653
727,-21.0,-21.0,-21.0,1020.68,68210.902
728,-21.0,-21.0,-21.0,1020.84,68148.291
729,-21.0,-21.0,-21.0,1021.18,68186.288
730,-21.0,-21.0,-21.0,1021.57,68244.978
731,-21.0,-21.0,-21.0,1021.27,68276.796
732,-21.0,-21.0,-21.0,1021.09,68284.127
733,-21.0,-21.0,-21.0,1020.94,68278.645
734,-21.0,-21.0,-21.0,1021.47,68273.253
735,-21.0,-21.0,-21.0,1021.55,68228.88
736,-21.0,-21.0,-21.0,1021.87,68146.911
737,-21.0,-21.0,-21.0,1021.84,68149.496
738,-21.0,-21.0,-21.0,1022.29,68126.6
739,-21.0,-21.0,-21.0,1022.08,68107.937
740,-21.0,-21.0,-21.0,1021.82,68127.737
741,-21.0,-21.0,-21.0,1021.06,68129.033
742,-21.0,-21.0,-21.0,1021.04,68061.061
743,-21.0,-21.0,-21.0,1021.29,68063.536
744,-21.0,-21.0,-21.0,1020.8,68022.435
745,-21.0,-21.0,-21.0,1020.8,68045.169
746,-21.0,-21.0,-21.0,1020.21,68048.982
747,-21.0,-21.0,-21.0,1020.23,68066.941
748,-21.0,-21.0,-21.0,1020.65,68089.377
749,-21.0,-21.0,-21.0,1020.56,68106.84
750,-21.0,-21.0,-21.0,1020.51,68050.354
751,-21.0,-21.0,-21.0,1020.28,68088.875
752,-21.0,-21.0,-21.0,1020.25,68137.805
753,-21.0,-21.0,-21.0,1020.15,68106.7
754,-21.0,-21.0,-21.0,1019.78,68131.335
755,-21.0,-21.0,-21.0,1019.63,68059.808
756,-21.0,-21.0,-21.0,1019.37,68070.805
757,-21.0,-21.0,-21.0,1019.26,67982.627
758,-21.0,-21.0,-21.0,1018.9,68053.944
759,-21.0,-21.0,-21.0,1018.87,68008.519
760,-21.0,-21.0,-21.0,1019.08,68052.617
761,-21.0,-21.0,-21.0,1019.21,68021.828
762,-21.0,-21.0,-21.0,1019.04,68005.275
763,-21.0,-21.0,-21.0,1019.28,68059.851
764,-21.0,-21.0,-21.0,1019.11,68000.071
765,-21.0,-21.0,-21.0,1019.15,68064.741
766,-21.0,-21.0,-21.0,1019.21,68050.993
767,-21.0,-21.0,-21.0,1019.26,68108.439
768,-21.0,-21.0,-21.0,1019.57,68070.676
769,-21.0,-21.0,-21.0,1019.66,68175.753
770,-21.0,-21.0,-21.0,1019.88,68160.962
771,-21.0,-21.0,-21.0,1020.16,68108.304
772,-21.0,-21.0,-21.0,1019.94,68161.85
773,-21.0,-21.0,-21.0,1020.57,68146.129
774,-21.0,-21.0,-21.0,1020.89,68233.378
775,-21.0,-21.0,-21.0,1020.8,68211.016
776,-21.0,-21.0,-21.0,1020.96,68294.775
777,-21.0,-21.0,-21.0,1020.88,68266.265
778,-21.0,-21.0,-21.0,1020.7,68229.655
779,-21.0,-21.0,-21.0,1020.7,68088.594
780,-21.0,-21.0,-21.0,1020.96,68059.437
781,-21.0,-21.0,-21.0,1020.83,68053.439
782,-21.0,-21.0,-21.0,1021.04,68045.554
783,-21.0,-21.0,-21.0,1021.14,68088.071
784,-21.0,-21.0,-21.0,1020.88,67969.846
785,-21.0,-21.0,-21.0,1021.26,68030.979
786,-21.0,-21.0,-21.0,1020.86,67957.043
787,-21.0,-21.0,-21.0,1021.13,67942.017
788,-21.0,-21.0,-21.0,1020.84,67924.826
789,-21.0,-21.0,-21.0,1020.95,68019.474
790,-21.0,-21.0,-21.0,1020.73,68013.869
791,-21.0,-21.0,-21.0,1020.57,68027.93
792,-21.0,-21.0,-21.0,1020.35,67982.403
793,-21.0,-21.0,-21.0,1020.26,67957.682
794,-21.0,-21.0,-21.0,1019.73,68014.758
795,-21.0,-21.0,-21.0,1019.6,67982.152
796,-21.0,-21.0,-21.0,1019.84,68012.402
797,-21.0,-21.0,-21.0,1019.81,68053.321
798,-21.0,-21.0,-21.0,1019.71,68076.26
799,-21.0,-21.0,-21.0,1019.91,68029.188
800,-21.0,-21.0,-21.0,1019.77,68019.693
801,-21.0,-21.0,-21.0,1019.48,68072.607
802,-21.0,-21.0,-21.0,1019.85,68074.741
803,-21.0,-21.0,-21.0,1020.02,68064.383
804,-21.0,-21.0,-21.0,1019.74,68103.944
805,-21.0,-21.0,-21.0,1019.66,68061.833
806,-21.0,-21.0,-21.0,1019.94,68035.541
807,-21.0,-21.0,-21.0,1020.11,68027.157
808,-21.0,-21.0,-21.0,1019.78,68041.949
809,-21.0,-21.0,-21.0,1019.91,68100.459
810,-21.0,-21.0,-21.0,1019.61,68081.317
811,-21.0,-21.0,-21.0,1019.8,68088.47
812,-21.0,-21.0,-21.0,1019.61,68059.048
813,-21.0,-21.0,-21.0,1019.86,68157.493
814,-21.0,-21.0,-21.0,1020.0,68110.169
815,-21.0,-21.0,-21.0,1020.56,68158.937
816,-21.0,-21.0,-21.0,1020.74,68146.902
817,-21.0,-21.0,-21.0,1020.51,68182.66
818,-21.0,-21.0,-21.0,1020.36,68235.225
819,-21.0,-21.0,-21.0,1020.44,68191.823
820,-21.0,-21.0,-21.0,1020.5,68316.679
821,-21.0,-21.0,-21.0,1020.61,68334.537
822,-21.0,-21.0,-21.0,1020.53,68385.918
823,-21.0,-21.0,-21.0,1020.05,68283.236
824,-21.0,-21.0,-21.0,1020.02,68277.792
825,-21.0,-21.0,-21.0,1020.19,68258.714
826,-21.0,-21.0,-21.0,1019.79,68351.129
827,-21.0,-21.0,-21.0,1019.67,68335.367
828,-21.0,-21.0,-21.0,1019.73,68282.777
829,-21.0,-21.0,-21.0,1019.95,68300.946
830,-21.0,-21.0,-21.0,1020.23,68305.765
831,-21.0,-21.0,-21.0,1019.76,68337.277
832,-21.0,-21.0,-21.0,1019.8,68362.885
833,-21.0,-21.0,-21.0,1019.75,68311.216
834,-21.0,-21.0,-21.0,1019.55,68260.91
835,-21.0,-21.0,-21.0,1019.33,68251.663
836,-21.0,-21.0,-21.0,1018.8,68163.313
837,-21.0,-21.0,-21.0,1018.67,68154.805
838,-21.0,-21.0,-21.0,1019.12,68172.237
839,-21.0,-21.0,-21.0,1018.97,68197.012
840,-21.0,-21.0,-21.0,1018.87,68084.037
841,-21.0,-21.0,-21.0,1018.58,68015.212
842,-21.0,-21.0,-21.0,1018.54,67978.211
843,-21.0,-21.0,-21.0,1018.56,68100.239
844,-21.0,-21.0,-21.0,1018.89,68214.389
845,-21.0,-21.0,-21.0,1018.46,68152.676
846,-21.0,-21.0,-21.0,1018.49,68220.751
847,-21.0,-21.0,-21.0,1018.95,68180.976
848,-21.0,-21.0,-21.0,1019.05,68253.456
849,-21.0,-21.0,-21.0,1018.46,68235.643
850,-21.0,-21.0,-21.0,1018.38,68258.596
851,-21.0,-21.0,-21.0,1017.98,68346.805
852,-21.0,-21.0,-21.0,1017.87,68365.853
853,-21.0,-21.0,-21.0,1017.92,68289.165
854,-21.0,-21.0,-21.0,1017.79,68273.212
855,-21.0,-21.0,-21.0,1017.9,68372.996
856,-21.0,-21.0,-21.0,1018.08,68374.353
857,-21.0,-21.0,-21.0,1018.11,68484.698
858,-21.0,-21.0,-21.0,1018.18,68370.975
859,-21.0,-21.0,-21.0,1017.77,68460.708
860,-21.0,-21.0,-21.0,1018.26,68547.318
861,-21.0,-21.0,-21.0,1018.18,68444.851
862,-21.0,-21.0,-21.0,1017.93,68432.637
863,-21.0,-21.0,-21.0,1018.33,68497.091
864,-21.0,-21.0,-21.0,1018.89,68554.77
865,-21.0,-21.0,-21.0,1018.74,68534.174
866,-21.0,-21.0,-21.0,1018.72,68484.948
867,-21.0,-21.0,-21.0,1018.91,68423.744
868,-21.0,-21.0,-21.0,1019.03,68447.992
869,-21.0,-21.0,-21.0,1018.69,68406.71
870,-21.0,-21.0,-21.0,1019.02,68274.377
871,-21.0,-21.0,-21.0,1019.19,68350.004
872,-21.0,-21.0,-21.0,1019.29,68324.845
873,-21.0,-21.0,-21.0,1019.5,68304.246
874,-21.0,-21.0,-21.0,1019.47,68156.85
875,-21.0,-21.0,-21.0,1019.58,68100.143
876,-21.0,-21.0,-21.0,1018.97,68072.46
877,-21.0,-21.0,-21.0,1019.09,68103.476
878,-21.0,-21.0,-21.0,1019.35,68101.433
879,-21.0,-21.0,-21.0,1018.91,68108.108
880,-21.0,-21.0,-21.0,1018.57,68135.613
881,-21.0,-21.0,-21.0,1018.46,68047.927
882,-21.0,-21.0,-21.0,1018.29,68122.794
883,-21.0,-21.0,-21.0,1018.57,68087.364
884,-21.0,-21.0,-21.0,1018.2,68206.724
885,-21.0,-21.0,-21.0,1018.07,68223.554
886,-21.0,-21.0,-21.0,1018.33,68298.94
887,-21.0,-21.0,-21.0,1018.53,68261.613
888,-21.0,-21.0,-21.0,1018.63,68239.081
889,-21.0,-21.0,-21.0,1018.41,68186.94
890,-21.0,-21.0,-21.0,1018.31,68249.25
891,-21.0,-21.0,-21.0,1018.11,68241.25
892,-21.0,-21.0,-21.0,1018.11,68207.222
893,-21.0,-21.0,-21.0,1017.88,68229.617
894,-21.0,-21.0,-21.0,1017.91,68214.996
895,-21.0,-21.0,-21.0,1017.64,68238.104
896,-21.0,-21.0,-21.0,1018.01,68150.902
897,-21.0,-21.0,-21.0,1018.21,68099.468
898,-21.0,-21.0,-21.0,1018.12,68151.536
899,-21.0,-21.0,-21.0,1018.31,68191.566
900,-21.0,-21.0,-21.0,1018.67,68129.01
901,-21.0,-21.0,-21.0,1018.65,68205.36
902,-21.0,-21.0,-21.0,1018.59,68143.967
903,-21.0,-21.0,-21.0,1018.05,68108.53
904,-21.0,-21.0,-21.0,1018.35,68034.384
905,-21.0,-21.0,-21.0,1018.64,68044.831
906,-21.0,-21.0,-21.0,1018.46,68048.052
907,-21.0,-21.0,-21.0,1018.23,68078.155
908,-21.0,-21.0,-21.0,1017.99,68044.273
909,-21.0,-21.0,-21.0,1018.01,67955.68
910,-21.0,-21.0,-21.0,1018.26,68008.436
911,-21.0,-21.0,-21.0,1018.67,68009.241
912,-21.0,-21.0,-21.0,1018.81,68034.208
913,-21.0,-21.0,-21.0,1018.82,68024.435
914,-21.0,-21.0,-21.0,1019.0,68066.123
915,-21.0,-21.0,-21.0,1018.94,68052.831
916,-21.0,-21.0,-21.0,1018.99,68046.563
917,-21.0,-21.0,-21.0,1018.9,68090.498
918,-21.0,-21.0,-21.0,1019.08,68112.521
919,-21.0,-21.0,-21.0,1019.24,68191.093
920,-21.0,-21.0,-21.0,1018.76,68264.333
921,-21.0,-21.0,-21.0,1018.71,68172.097
922,-21.0,-21.0,-21.0,1018.97,68253.821
923,-21.0,-21.0,-21.0,1019.01,68273.22
924,-21.0,-21.0,-21.0,1019.43,68226.511
925,-21.0,-21.0,-21.0,1019.66,68242.425
926,-21.0,-21.0,-21.0,1020.05,68270.532
927,-21.0,-21.0,-21.0,1020.0,68205.161
928,-21.0,-21.0,-21.0,1020.09,68232.66
929,-21.0,-21.0,-21.0,1019.9,68163.869
930,-21.0,-21.0,-21.0,1020.0,68108.146
931,-21.0,-21.0,-21.0,1019.63,68292.389
932,-21.0,-21.0,-21.0,1019.2,68209.88
933,-21.0,-21.0,-21.0,1019.63,68309.961
934,-21.0,-21.0,-21.0,1019.45,68372.351
935,-21.0,-21.0,-21.0,1018.96,68377.772
936,-21.0,-21.0,-21.0,1018.81,68458.808
937,-21.0,-21.0,-21.0,1018.35,68520.122
938,-21.0,-21.0,-21.0,1018.43,68514.816
939,-21.0,-21.0,-21.0,1017.85,68566.014
940,-21.0,-21.0,-21.0,1018.33,68551.099
941,-21.0,-21.0,-21.0,1018.54,68433.194
942,-21.0,-21.0,-21.0,1018.72,68414.25
943,-21.0,-21.0,-21.0,1019.07,68354.252
944,-21.0,-21.0,-21.0,1018.88,68320.062
945,-21.0,-21.0,-21.0,1018.93,68392.717
946,-21.0,-21.0,-21.0,1018.69,68422.831
947,-21.0,-21.0,-21.0,1018.44,68384.855
948,-21.0,-21.0,-21.0,1018.27,68442.732
949,-21.0,-21.0,-21.0,1018.43,68374.577
950,-21.0,-21.0,-21.0,1018.35,68435.589
951,-21.0,-21.0,-21.0,1018.65,68515.095
952,-21.0,-21.0,-21.0,1018.8,68574.543
953,-21.0,-21.0,-21.0,1018.59,68586.564
954,-21.0,-21.0,-21.0,1018.53,68740.947
955,-21.0,-21.0,-21.0,1019.1,68661.393
956,-21.0,-21.0,-21.0,1019.11,68603.598
957,-21.0,-21.0,-21.0,1018.87,68564.372
958,-21.0,-21.0,-21.0,1019.23,68518.677
959,-21.0,-21.0,-21.0,1019.32,68522.111
960,-21.0,-21.0,-21.0,1019.11,68506.84
961,-21.0,-21.0,-21.0,1018.95,68489.314
962,-21.0,-21.0,-21.0,1018.7,68557.199
963,-21.0,-21.0,-21.0,1018.61,68505.727
964,-21.0,-21.0,-21.0,1018.08,68425.974
965,-21.0,-21.0,-21.0,1018.07,68392.749
966,-21.0,-21.0,-21.0,1017.99,68455.77
967,-21.0,-21.0,-21.0,1017.88,68489.356
968,-21.0,-21.0,-21.0,1018.35,68497.382
969,-21.0,-21.0,-21.0,1018.38,68614.343
970,-21.0,-21.0,-21.0,1017.79,68515.483
971,-21.0,-21.0,-21.0,1017.71,68500.657
972,-21.0,-21.0,-21.0,1017.52,68357.564
973,-21.0,-21.0,-21.0,1017.53,68466.046
974,-21.0,-21.0,-21.0,1017.68,68439.552
975,-21.0,-21.0,-21.0,1017.41,68538.351
976,-21.0,-21.0,-21.0,1017.13,68382.754
977,-21.0,-21.0,-21.0,1017.08,68481.408
978,-21.0,-21.0,-21.0,1017.27,68481.788
979,-21.0,-21.0,-21.0,1017.74,68397.638
980,-21.0,-21.0,-21.0,1017.64,68513.85
981,-21.0,-21.0,-21.0,1017.88,68519.296
982,-21.0,-21.0,-21.0,1017.73,68588.876
983,-21.0,-21.0,-21.0,1017.71,68533.055
984,-21.0,-21.0,-21.0,1017.6,68452.126
985,-21.0,-21.0,-21.0,1018.22,68375.11
986,-21.0,-21.0,-21.0,1018.47,68441.672
987,-21.0,-21.0,-21.0,1018.55,68406.25
988,-21.0,-21.0,-21.0,1018.59,68394.342
989,-21.0,-21.0,-21.0,1018.47,68378.654
990,-21.0,-21.0,-21.0,1018.61,68288.126
991,-21.0,-21.0,-21.0,1019.09,68222.341
992,-21.0,-21.0,-21.0,1019.14,68211.613
993,-21.0,-21.0,-21.0,1019.01,68160.454
994,-21.0,-21.0,-21.0,1019.27,68248.318
995,-21.0,-21.0,-21.0,1019.39,68300.562
996,-21.0,-21.0,-21.0,1019.59,68250.745
997,-21.0,-21.0,-21.0,1019.54,68206.555
998,-21.0,-21.0,-21.0,1019.89,68232.696
999,-21.0,-21.0,-21.0,1019.66,68199.326
1000,-21.0,-21.0,-21.0,1019.78,68264.526
1001,nan,nan,nan,nan,77410.881
1002,nan,nan,nan,nan,74367.355
1003,nan,nan,nan,nan,73345.155
1004,-21.0,-21.0,-21.0,1014.0,72728.31
1005,-21.0,-21.0,-21.0,1014.3,72425.488
1006,-21.0,-21.0,-21.0,1016.3125,72158.164
1007,-21.0,-21.0,-21.0,1018.1666666666666,71932.348
1008,-21.0,-21.0,-21.0,1018.1666666666666,71815.603
1009,-21.0,-21.0,-21.0,1019.0625,71651.023
1010,-21.0,-21.0,-21.0,1019.030303030303,71452.434
1011,-21.0,-21.0,-21.0,1019.075,70691.247
1012,-21.0,-21.0,-21.0,1018.8125,70595.46
1013,-21.0,-21.0,-21.0,1018.8125,70436.501
1014,-21.0,-21.0,-21.0,1017.9285714285714,70355.147
1015,-21.0,-21.0,-21.0,1018.2833333333333,70151.626
1016,-21.0,-21.0,-21.0,1018.5,70048.328
1017,-21.0,-21.0,-21.0,1017.8055555555555,69925.147
1018,-21.0,-21.0,-21.0,1017.8055555555555,69825.389
1019,-21.0,-21.0,-21.0,1017.975,69802.223
1020,-21.0,-21.0,-21.0,1017.9058823529411,69813.403
1021,-21.0,-21.0,-21.0,1018.0,69865.929
1022,-21.0,-21.0,-21.0,1017.9791666666666,69740.731
1023,-21.0,-21.0,-21.0,1017.9791666666666,69698.678
1024,-21.0,-21.0,-21.0,1017.92,69728.879
1025,-21.0,-21.0,-21.0,1018.15,69863.557
1026,-21.0,-21.0,-21.0,1018.44,69853.564
1027,-21.0,-21.0,-21.0,1018.35,69918.425
1028,-21.0,-21.0,-21.0,1018.35,69933.244
1029,-21.0,-21.0,-21.0,1018.68,69875.027
1030,-21.0,-21.0,-21.0,1018.49,69867.843
1031,-21.0,-21.0,-21.0,1018.63,69904.216
1032,-21.0,-21.0,-21.0,1019.23,69976.897
1033,-21.0,-21.0,-21.0,1019.23,70101.26
1034,-21.0,-21.0,-21.0,1019.45,70130.126
1035,-21.0,-21.0,-21.0,1019.45,70050.301
1036,-21.0,-21.0,-21.0,1019.76,69962.552
1037,-21.0,-21.0,-21.0,1020.11,69897.546
1038,-21.0,-21.0,-21.0,1020.11,69872.683
1039,-21.0,-21.0,-21.0,1019.94,69885.123
1040,-21.0,-21.0,-21.0,1019.94,69909.63
1041,-21.0,-21.0,-21.0,1019.93,69866.005
1042,-21.0,-21.0,-21.0,1020.2,69878.017
1043,-21.0,-21.0,-21.0,1020.2,69814.196
1044,-21.0,-21.0,-21.0,1020.23,69747.758
1045,-21.0,-21.0,-21.0,1020.23,69829.199
1046,-21.0,-21.0,-21.0,1020.45,69930.606
1047,-21.0,-21.0,-21.0,1020.85,69988.764
1048,-21.0,-21.0,-21.0,1020.85,70019.197
1049,-21.0,-21.0,-21.0,1020.56,70035.18
1050,-21.0,-21.0,-21.0,1020.56,70062.703
1051,-21.0,-21.0,-21.0,1020.52,70063.403
1052,-21.0,-21.0,-21.0,1019.82,70095.553
1053,-21.0,-21.0,-21.0,1019.82,70133.692
1054,-21.0,-21.0,-21.0,1019.24,70141.312
1055,-21.0,-21.0,-21.0,1019.24,70107.674
1056,-21.0,-21.0,-21.0,1019.47,70159.817
1057,-21.0,-21.0,-21.0,1019.23,70203.855
1058,-21.0,-21.0,-21.0,1019.33,70187.759
1059,-21.0,-21.0,-21.0,1018.98,70236.399
1060,-21.0,-21.0,-21.0,1018.84,70140.532
1061,-21.0,-21.0,-21.0,1018.67,70162.707
1062,-21.0,-21.0,-21.0,1018.93,70129.512
1063,-21.0,-21.0,-21.0,1018.93,70141.06
1064,-21.0,-21.0,-21.0,1018.9,70129.771
1065,-21.0,-21.0,-21.0,1018.69,70118.187
1066,-21.0,-21.0,-21.0,1018.52,70096.28
1067,-21.0,-21.0,-21.0,1018.33,70078.803
1068,-21.0,-21.0,-21.0,1018.33,70094.601
1069,-21.0,-21.0,-21.0,1018.71,70030.15
1070,-21.0,-21.0,-21.0,1018.71,70106.473
1071,-21.0,-21.0,-21.0,1018.68,70018.157
1072,-21.0,-21.0,-21.0,1018.3,69906.942
1073,-21.0,-21.0,-21.0,1018.3,69835.287
1074,-21.0,-21.0,-21.0,1018.85,69788.76
1075,-21.0,-21.0,-21.0,1018.95,69789.397
1076,-21.0,-21.0,-21.0,1019.12,69774.772
1077,-21.0,-21.0,-21.0,1018.78,69789.44
1078,-21.0,-21.0,-21.0,1018.86,69781.609
1079,-21.0,-21.0,-21.0,1018.93,69781.846
1080,-21.0,-21.0,-21.0,1018.93,69805.659
1081,-21.0,-21.0,-21.0,1019.54,69836.602
1082,-21.0,-21.0,-21.0,1019.94,69955.455
1083,-21.0,-21.0,-21.0,1020.01,69917.933
1084,-21.0,-21.0,-21.0,1019.78,69874.333
1085,-21.0,-21.0,-21.0,1019.78,69754.754
1086,-21.0,-21.0,-21.0,1019.49,69671.34
1087,-21.0,-21.0,-21.0,1019.48,69602.969
1088,-21.0,-21.0,-21.0,1019.51,69490.679
1089,-21.0,-21.0,-21.0,1019.22,69421.52
1090,-21.0,-21.0,-21.0,1019.22,69282.436
1091,-21.0,-21.0,-21.0,1019.21,69322.129
1092,-21.0,-21.0,-21.0,1019.05,69358.356
1093,-21.0,-21.0,-21.0,1019.12,69441.351
1094,-21.0,-21.0,-21.0,1019.11,69522.855
1095,-21.0,-21.0,-21.0,1019.11,69764.742
1096,-21.0,-21.0,-21.0,1019.0,69814.099
1097,-21.0,-21.0,-21.0,1019.23,69859.327
1098,-21.0,-21.0,-21.0,1019.49,69979.286
1099,-21.0,-21.0,-21.0,1019.71,70060.572
1100,-21.0,-21.0,-21.0,1019.71,70252.158
1101,-21.0,-21.0,-21.0,1019.7,70160.201
1102,-21.0,-21.0,-21.0,1019.52,70195.359
1103,-21.0,-21.0,-21.0,1019.46,70195.515
1104,-21.0,-21.0,-21.0,1019.07,70218.15
1105,-21.0,-21.0,-21.0,1019.07,70026.544
1106,-21.0,-21.0,-21.0,1019.03,70074.196
1107,-21.0,-21.0,-21.0,1019.04,70040.835
1108,-21.0,-21.0,-21.0,1018.68,70040.586
1109,-21.0,-21.0,-21.0,1018.51,70107.076
1110,-21.0,-21.0,-21.0,1018.51,70000.412
1111,-21.0,-21.0,-21.0,1018.36,70092.474
1112,-21.0,-21.0,-21.0,1018.08,70026.983
1113,-21.0,-21.0,-21.0,1017.97,70093.429
1114,-21.0,-21.0,-21.0,1018.2,70137.207
1115,-21.0,-21.0,-21.0,1018.2,70149.699
1116,-21.0,-21.0,-21.0,1018.25,70137.553
1117,-21.0,-21.0,-21.0,1018.27,70142.888
1118,-21.0,-21.0,-21.0,1018.29,70179.317
1119,-21.0,-21.0,-21.0,1016.86,70099.285
1120,-21.0,-21.0,-21.0,1016.7,70146.01
1121,-21.0,-21.0,-21.0,1016.97,70057.931
1122,-21.0,-21.0,-21.0,1016.62,70084.117
1123,-21.0,-21.0,-21.0,1016.5,70027.492
1124,-21.0,-21.0,-21.0,1016.95,69949.617
1125,-21.0,-21.0,-21.0,1016.95,70001.667
1126,-21.0,-21.0,-21.0,1017.63,70005.506
1127,-21.0,-21.0,-21.0,1018.22,70054.594
1128,-21.0,-21.0,-21.0,1018.36,69975.897
1129,-21.0,-21.0,-21.0,1019.03,69969.415
1130,-21.0,-21.0,-21.0,1019.03,69982.058
1131,-21.0,-21.0,-21.0,1019.57,70003.332
1132,-21.0,-21.0,-21.0,1018.86,70046.506
1133,-21.0,-21.0,-21.0,1018.77,69979.992
1134,-21.0,-21.0,-21.0,1018.89,69963.364
1135,-21.0,-21.0,-21.0,1018.89,69987.545
1136,-21.0,-21.0,-21.0,1019.34,69993.183
1137,-21.0,-21.0,-21.0,1019.6,69989.757
1138,-21.0,-21.0,-21.0,1019.57,70098.956
1139,-21.0,-21.0,-21.0,1019.9,70294.789
1140,-21.0,-21.0,-21.0,1019.9,70319.26
1141,-21.0,-21.0,-21.0,1020.42,70437.423
1142,-21.0,-21.0,-21.0,1020.19,70402.385
1143,-21.0,-21.0,-21.0,1019.93,70470.264
1144,-21.0,-21.0,-21.0,1019.55,70589.719
1145,-21.0,-21.0,-21.0,1019.55,70619.933
1146,-21.0,-21.0,-21.0,1019.23,70693.115
1147,-21.0,-21.0,-21.0,1018.97,70638.558
1148,-21.0,-21.0,-21.0,1019.41,70611.226
1149,-21.0,-21.0,-21.0,1019.18,70435.156
1150,-21.0,-21.0,-21.0,1019.18,70430.319
1151,-21.0,-21.0,-21.0,1018.76,70376.482
1152,-21.0,-21.0,-21.0,1018.73,70418.26
1153,-21.0,-21.0,-21.0,1019.0,70391.372
1154,-21.0,-21.0,-21.0,1019.83,70387.362
1155,-21.0,-21.0,-21.0,1019.83,70362.587
1156,-21.0,-21.0,-21.0,1019.07,70323.156
1157,-21.0,-21.0,-21.0,1018.72,70404.397
1158,-21.0,-21.0,-21.0,1018.79,70405.636
1159,-21.0,-21.0,-21.0,1018.77,70447.228
1160,-21.0,-21.0,-21.0,1018.77,70543.74
1161,-21.0,-21.0,-21.0,1019.13,70523.138
1162,-21.0,-21.0,-21.0,1018.81,70503.329
1163,-21.0,-21.0,-21.0,1018.52,70528.639
1164,-21.0,-21.0,-21.0,1018.3,70482.126
1165,-21.0,-21.0,-21.0,1018.3,70474.828
1166,-21.0,-21.0,-21.0,1018.43,70431.683
1167,-21.0,-21.0,-21.0,1018.37,70329.396
1168,-21.0,-21.0,-21.0,1018.25,70355.126
1169,-21.0,-21.0,-21.0,1017.02,70351.619
1170,-21.0,-21.0,-21.0,1017.02,70271.33
1171,-21.0,-21.0,-21.0,1016.99,70301.15
1172,-21.0,-21.0,-21.0,1017.17,70208.35
1173,-21.0,-21.0,-21.0,1017.32,70227.242
1174,-21.0,-21.0,-21.0,1017.06,70214.509
1175,-21.0,-21.0,-21.0,1017.06,70214.356
1176,-21.0,-21.0,-21.0,1017.59,70283.762
1177,-21.0,-21.0,-21.0,1017.74,70303.409
1178,-21.0,-21.0,-21.0,1017.86,70222.511
1179,-21.0,-21.0,-21.0,1018.38,70282.006
1180,-21.0,-21.0,-21.0,1018.38,70222.989
1181,-21.0,-21.0,-21.0,1018.05,70228.756
1182,-21.0,-21.0,-21.0,1018.47,70312.185
1183,-21.0,-21.0,-21.0,1018.8,70267.409
1184,-21.0,-21.0,-21.0,1019.61,70315.744
1185,-21.0,-21.0,-21.0,1019.61,70289.558
1186,-21.0,-21.0,-21.0,1019.86,70322.381
1187,-21.0,-21.0,-21.0,1019.87,70369.571
1188,-21.0,-21.0,-21.0,1019.51,70379.33
1189,-21.0,-21.0,-21.0,1019.84,70342.317
1190,-21.0,-21.0,-21.0,1019.84,70406.568
1191,-21.0,-21.0,-21.0,1020.31,70360.124
1192,-21.0,-21.0,-21.0,1019.99,70357.51
1193,-21.0,-21.0,-21.0,1019.94,70365.861
1194,-21.0,-21.0,-21.0,1019.19,70376.271
1195,-21.0,-21.0,-21.0,1019.19,70425.776
1196,-21.0,-21.0,-21.0,1018.88,70341.568
1197,-21.0,-21.0,-21.0,1018.58,70311.169
1198,-21.0,-21.0,-21.0,1018.5,70356.461
1199,-21.0,-21.0,-21.0,1017.75,70368.419
1200,-21.0,-21.0,-21.0,1017.75,70269.849
1201,-21.0,-21.0,-21.0,1017.66,70298.046
1202,-21.0,-21.0,-21.0,1017.43,70257.931
1203,-21.0,-21.0,-21.0,1017.13,70315.446
1204,-21.0,-21.0,-21.0,1016.55,70260.122
1205,-21.0,-21.0,-21.0,1016.79,70302.359
1206,-21.0,-21.0,-21.0,1016.2,70317.613
1207,-21.0,-21.0,-21.0,1016.6,70398.065
1208,-21.0,-21.0,-21.0,1016.64,70367.924
1209,-21.0,-21.0,-21.0,1017.06,70346.31
1210,-21.0,-21.0,-21.0,1017.06,70337.712
1211,-21.0,-21.0,-21.0,1016.74,70335.375
1212,-21.0,-21.0,-21.0,1016.76,70287.375
1213,-21.0,-21.0,-21.0,1017.09,70257.025
1214,-21.0,-21.0,-21.0,1017.55,70214.683
1215,-21.0,-21.0,-21.0,1017.55,70141.278
1216,-21.0,-21.0,-21.0,1017.7,70158.177
1217,-21.0,-21.0,-21.0,1018.15,70075.882
1218,-21.0,-21.0,-21.0,1018.12,70186.788
1219,-21.0,-21.0,-21.0,1018.31,70148.533
1220,-21.0,-21.0,-21.0,1018.31,70194.81
1221,-21.0,-21.0,-21.0,1018.3,70191.574
1222,-21.0,-21.0,-21.0,1018.3,70247.527
1223,-21.0,-21.0,-21.0,1018.43,70170.331
1224,-21.0,-21.0,-21.0,1018.13,70275.011
1225,-21.0,-21.0,-21.0,1018.13,70219.072
1226,-21.0,-21.0,-21.0,1018.28,70219.864
1227,-21.0,-21.0,-21.0,1018.84,70218.488
1228,-21.0,-21.0,-21.0,1018.5,70137.68
1229,-21.0,-21.0,-21.0,1018.65,70194.921
1230,-21.0,-21.0,-21.0,1018.85,70200.408
1231,-21.0,-21.0,-21.0,1018.83,70217.832
1232,-21.0,-21.0,-21.0,1018.76,70183.043
1233,-21.0,-21.0,-21.0,1018.75,70238.592
1234,-21.0,-21.0,-21.0,1018.44,70182.001
1235,-21.0,-21.0,-21.0,1018.53,70224.45
1236,-21.0,-21.0,-21.0,1018.87,70239.054
1237,-21.0,-21.0,-21.0,1018.9,70261.324
1238,-21.0,-21.0,-21.0,1018.98,70149.104
1239,-21.0,-21.0,-21.0,1018.65,70157.764
1240,-21.0,-21.0,-21.0,1018.67,70130.967
1241,-21.0,-21.0,-21.0,1019.18,70108.411
1242,-21.0,-21.0,-21.0,1019.57,70158.903
1243,-21.0,-21.0,-21.0,1019.9,70128.722
1244,-21.0,-21.0,-21.0,1020.1,70160.552
1245,-21.0,-21.0,-21.0,1020.28,70098.784
1246,-21.0,-21.0,-21.0,1020.31,70125.997
1247,-21.0,-21.0,-21.0,1019.98,70109.746
1248,-21.0,-21.0,-21.0,1019.26,70141.895
1249,-21.0,-21.0,-21.0,1019.14,70164.547
1250,-21.0,-21.0,-21.0,1019.21,70199.424
1251,-21.0,-21.0,-21.0,1019.05,70223.683
1252,-21.0,-21.0,-21.0,1018.97,70200.295
1253,-21.0,-21.0,-21.0,1019.16,70272.631
1254,-21.0,-21.0,-21.0,1019.36,70214.946
1255,-21.0,-21.0,-21.0,1019.45,70267.621
1256,-21.0,-21.0,-21.0,1019.38,70189.213
1257,-21.0,-21.0,-21.0,1019.14,70238.113
1258,-21.0,-21.0,-21.0,1018.78,70188.656
1259,-21.0,-21.0,-21.0,1018.87,70112.959
1260,-21.0,-21.0,-21.0,1018.63,70149.74
1261,-21.0,-21.0,-21.0,1018.56,70127.885
1262,-21.0,-21.0,-21.0,1018.26,70158.37
1263,-21.0,-21.0,-21.0,1018.23,70126.203
1264,-21.0,-21.0,-21.0,1017.8,70164.464
1265,-21.0,-21.0,-21.0,1017.73,70089.476
1266,-21.0,-21.0,-21.0,1017.66,70131.956
1267,-21.0,-21.0,-21.0,1017.72,70120.682
1268,-21.0,-21.0,-21.0,1018.26,70116.117
1269,-21.0,-21.0,-21.0,1019.0,70137.801
1270,-21.0,-21.0,-21.0,1018.91,70030.109
1271,-21.0,-21.0,-21.0,1018.96,70005.231
1272,-21.0,-21.0,-21.0,1018.47,70067.412
1273,-21.0,-21.0,-21.0,1018.89,70068.653
1274,-21.0,-21.0,-21.0,1019.15,70055.298
1275,-21.0,-21.0,-21.0,1019.32,70150.995
1276,-21.0,-21.0,-21.0,1019.28,70093.201
1277,-21.0,-21.0,-21.0,1019.28,70050.182
1278,-21.0,-21.0,-21.0,1019.5,70143.192
1279,-21.0,-21.0,-21.0,1019.85,70133.313
1280,-21.0,-21.0,-21.0,1019.73,70194.105
1281,-21.0,-21.0,-21.0,1019.85,70219.859
1282,-21.0,-21.0,-21.0,1020.05,70099.718
1283,-21.0,-21.0,-21.0,1019.62,70008.942
1284,-21.0,-21.0,-21.0,1019.49,70022.792
1285,-21.0,-21.0,-21.0,1019.53,70015.629
1286,-21.0,-21.0,-21.0,1019.81,69922.243
1287,-21.0,-21.0,-21.0,1020.11,69960.165
1288,-21.0,-21.0,-21.0,1019.88,69972.294
1289,-21.0,-21.0,-21.0,1019.76,69995.786
1290,-21.0,-21.0,-21.0,1019.7,69943.504
1291,-21.0,-21.0,-21.0,1019.92,69909.069
1292,-21.0,-21.0,-21.0,1019.92,69963.77
1293,-21.0,-21.0,-21.0,1020.31,69977.796
1294,-21.0,-21.0,-21.0,1019.43,69986.042
1295,-21.0,-21.0,-21.0,1019.37,69926.135
1296,-21.0,-21.0,-21.0,1019.02,69979.013
1297,-21.0,-21.0,-21.0,1019.31,69931.939
1298,-21.0,-21.0,-21.0,1019.16,69797.004
1299,-21.0,-21.0,-21.0,1018.17,69716.574
1300,-21.0,-21.0,-21.0,1018.1,69727.961
1301,-21.0,-21.0,-21.0,1018.08,69713.512
1302,-21.0,-21.0,-21.0,1018.22,69599.697
1303,-21.0,-21.0,-21.0,1018.11,69692.073
1304,-21.0,-21.0,-21.0,1018.16,69625.186
1305,-21.0,-21.0,-21.0,1018.17,69645.375
1306,-21.0,-21.0,-21.0,1018.11,69712.0
1307,-21.0,-21.0,-21.0,1017.76,69752.971
1308,-21.0,-21.0,-21.0,1017.65,69832.261
1309,-21.0,-21.0,-21.0,1017.58,69834.787
1310,-21.0,-21.0,-21.0,1017.62,69822.128
1311,-21.0,-21.0,-21.0,1017.1,69881.63
1312,-21.0,-21.0,-21.0,1016.87,70042.002
1313,-21.0,-21.0,-21.0,1016.66,70016.834
1314,-21.0,-21.0,-21.0,1016.38,70096.498
1315,-21.0,-21.0,-21.0,1016.44,70151.028
1316,-21.0,-21.0,-21.0,1016.99,70127.054
1317,-21.0,-21.0,-21.0,1017.05,70141.427
1318,-21.0,-21.0,-21.0,1016.85,70170.676
1319,-21.0,-21.0,-21.0,1017.25,70293.226
1320,-21.0,-21.0,-21.0,1017.26,70323.331
1321,-21.0,-21.0,-21.0,1017.58,70274.133
1322,-21.0,-21.0,-21.0,1017.52,70315.304
1323,-21.0,-21.0,-21.0,1017.61,70320.64
1324,-21.0,-21.0,-21.0,1017.94,70327.15
1325,-21.0,-21.0,-21.0,1018.01,70121.955
1326,-21.0,-21.0,-21.0,1018.71,70104.712
1327,-21.0,-21.0,-21.0,1018.51,70085.587
1328,-21.0,-21.0,-21.0,1018.53,70153.224
1329,-21.0,-21.0,-21.0,1018.98,70086.112
1330,-21.0,-21.0,-21.0,1019.11,70074.756
1331,-21.0,-21.0,-21.0,1018.81,70155.171
1332,-21.0,-21.0,-21.0,1018.99,70034.481
1333,-21.0,-21.0,-21.0,1019.17,70000.323
1334,-21.0,-21.0,-21.0,1019.36,69965.354
1335,-21.0,-21.0,-21.0,1019.4,70105.015
1336,-21.0,-21.0,-21.0,1018.87,70144.801
1337,-21.0,-21.0,-21.0,1019.03,70121.091
1338,-21.0,-21.0,-21.0,1018.9,70112.424
1339,-21.0,-21.0,-21.0,1019.31,70146.698
1340,-21.0,-21.0,-21.0,1019.22,70166.269
1341,-21.0,-21.0,-21.0,1019.18,70024.821
1342,-21.0,-21.0,-21.0,1019.01,70083.305
1343,-21.0,-21.0,-21.0,1019.11,70138.649
1344,-21.0,-21.0,-21.0,1019.18,70060.975
1345,-21.0,-21.0,-21.0,1019.04,70158.586
1346,-21.0,-21.0,-21.0,1018.86,70123.124
1347,-21.0,-21.0,-21.0,1018.66,70134.711
1348,-21.0,-21.0,-21.0,1018.82,70082.177
1349,-21.0,-21.0,-21.0,1018.67,70068.22
1350,-21.0,-21.0,-21.0,1018.53,70152.541
1351,-21.0,-21.0,-21.0,1018.16,70283.68
1352,-21.0,-21.0,-21.0,1018.07,70230.396
1353,-21.0,-21.0,-21.0,1018.49,70156.811
1354,-21.0,-21.0,-21.0,1018.8,70213.473
1355,-21.0,-21.0,-21.0,1018.92,70151.794
1356,-21.0,-21.0,-21.0,1019.31,70150.212
1357,-21.0,-21.0,-21.0,1019.33,70057.369
1358,-21.0,-21.0,-21.0,1019.32,70063.188
1359,-21.0,-21.0,-21.0,1019.44,70012.875
1360,-21.0,-21.0,-21.0,1019.46,70032.564
1361,-21.0,-21.0,-21.0,1019.28,69970.55
1362,-21.0,-21.0,-21.0,1019.39,69978.513
1363,-21.0,-21.0,-21.0,1019.61,70032.244
1364,-21.0,-21.0,-21.0,1019.5,70050.168
1365,-21.0,-21.0,-21.0,1019.77,69997.686
1366,-21.0,-21.0,-21.0,1019.83,70047.199
1367,-21.0,-21.0,-21.0,1019.47,70129.634
1368,-21.0,-21.0,-21.0,1020.12,70108.345
1369,-21.0,-21.0,-21.0,1019.98,70088.131
1370,-21.0,-21.0,-21.0,1019.93,69948.696
1371,-21.0,-21.0,-21.0,1019.94,69952.995
1372,-21.0,-21.0,-21.0,1020.15,69930.495
1373,-21.0,-21.0,-21.0,1020.41,69896.11
1374,-21.0,-21.0,-21.0,1020.24,69910.391
1375,-21.0,-21.0,-21.0,1020.18,69925.823
1376,-21.0,-21.0,-21.0,1019.59,69934.806
1377,-21.0,-21.0,-21.0,1019.58,69875.656
1378,-21.0,-21.0,-21.0,1019.62,69928.249
1379,-21.0,-21.0,-21.0,1019.56,69981.605
1380,-21.0,-21.0,-21.0,1019.33,70006.579
1381,-21.0,-21.0,-21.0,1019.93,70042.851
1382,-21.0,-21.0,-21.0,1019.88,70031.831
1383,-21.0,-21.0,-21.0,1019.86,69937.293
1384,-21.0,-21.0,-21.0,1019.38,69968.989
1385,-21.0,-21.0,-21.0,1019.05,69999.239
1386,-21.0,-21.0,-21.0,1018.55,69964.819
1387,-21.0,-21.0,-21.0,1018.48,70042.305
1388,-21.0,-21.0,-21.0,1018.37,70033.545
1389,-21.0,-21.0,-21.0,1018.51,69949.976
1390,-21.0,-21.0,-21.0,1018.48,69981.641
1391,-21.0,-21.0,-21.0,1019.09,69901.085
1392,-21.0,-21.0,-21.0,1019.19,69878.712
1393,-21.0,-21.0,-21.0,1018.9,69935.521
1394,-21.0,-21.0,-21.0,1019.22,69865.6
1395,-21.0,-21.0,-21.0,1019.1,69816.577
1396,-21.0,-21.0,-21.0,1019.43,69823.018
1397,-21.0,-21.0,-21.0,1019.61,69833.166
1398,-21.0,-21.0,-21.0,1019.57,69795.172
1399,-21.0,-21.0,-21.0,1019.59,69913.903
1400,-21.0,-21.0,-21.0,1019.72,69877.708
1401,-21.0,-21.0,-21.0,1019.65,69893.025
1402,-21.0,-21.0,-21.0,1019.69,70028.861
1403,-21.0,-21.0,-21.0,1019.38,70056.821
1404,-21.0,-21.0,-21.0,1019.2,69967.235
1405,-21.0,-21.0,-21.0,1019.46,70030.056
1406,-21.0,-21.0,-21.0,1020.06,69963.838
1407,-21.0,-21.0,-21.0,1020.08,69918.685
1408,-21.0,-21.0,-21.0,1020.43,70034.093
1409,-21.0,-21.0,-21.0,1020.26,69932.974
1410,-21.0,-21.0,-21.0,1020.46,69918.292
1411,-21.0,-21.0,-21.0,1019.79,69967.285
1412,-21.0,-21.0,-21.0,1019.46,69922.968
1413,-21.0,-21.0,-21.0,1019.65,70039.482
1414,-21.0,-21.0,-21.0,1019.57,70101.107
1415,-21.0,-21.0,-21.0,1019.35,70143.722
1416,-21.0,-21.0,-21.0,1019.6,70155.951
1417,-21.0,-21.0,-21.0,1019.57,70172.108
1418,-21.0,-21.0,-21.0,1019.22,70027.301
1419,-21.0,-21.0,-21.0,1019.07,70067.532
1420,-21.0,-21.0,-21.0,1019.09,70050.859
1421,-21.0,-21.0,-21.0,1018.79,70116.015
1422,-21.0,-21.0,-21.0,1018.75,69980.543
1423,-21.0,-21.0,-21.0,1018.32,69948.485
1424,-21.0,-21.0,-21.0,1018.22,69902.302
1425,-21.0,-21.0,-21.0,1018.25,69907.5
1426,-21.0,-21.0,-21.0,1018.1,69856.031
1427,-21.0,-21.0,-21.0,1018.27,69886.253
1428,-21.0,-21.0,-21.0,1017.63,69880.404
1429,-21.0,-21.0,-21.0,1017.5,69891.729
1430,-21.0,-21.0,-21.0,1017.56,69859.631
1431,-21.0,-21.0,-21.0,1017.4,69795.132
1432,-21.0,-21.0,-21.0,1017.49,69818.651
1433,-21.0,-21.0,-21.0,1017.34,69839.357
1434,-21.0,-21.0,-21.0,1017.73,69901.17
1435,-21.0,-21.0,-21.0,1017.52,69819.138
1436,-21.0,-21.0,-21.0,1017.89,69959.044
1437,-21.0,-21.0,-21.0,1017.79,69893.446
1438,-21.0,-21.0,-21.0,1017.8,69957.73
1439,-21.0,-21.0,-21.0,1017.67,69987.954
1440,-21.0,-21.0,-21.0,1017.78,70048.01
1441,-21.0,-21.0,-21.0,1017.82,70015.319
1442,-21.0,-21.0,-21.0,1017.65,70061.848
1443,-21.0,-21.0,-21.0,1017.77,70050.01
1444,-21.0,-21.0,-21.0,1017.74,70022.288
1445,-21.0,-21.0,-21.0,1017.88,70059.933
1446,-21.0,-21.0,-21.0,1018.43,70070.08
1447,-21.0,-21.0,-21.0,1018.37,70066.416
1448,-21.0,-21.0,-21.0,1017.98,70023.876
1449,-21.0,-21.0,-21.0,1018.23,69983.486
1450,-21.0,-21.0,-21.0,1018.22,70017.422
1451,-21.0,-21.0,-21.0,1018.43,70004.497
1452,-21.0,-21.0,-21.0,1018.6,70042.038
1453,-21.0,-21.0,-21.0,1018.8,69956.112
1454,-21.0,-21.0,-21.0,1018.97,69993.441
1455,-21.0,-21.0,-21.0,1019.17,69966.452
1456,-21.0,-21.0,-21.0,1018.97,69921.762
1457,-21.0,-21.0,-21.0,1018.68,69996.142
1458,-21.0,-21.0,-21.0,1018.24,70021.485
1459,-21.0,-21.0,-21.0,1018.58,70047.821
1460,-21.0,-21.0,-21.0,1019.06,70035.656
1461,-21.0,-21.0,-21.0,1019.57,70082.4
1462,-21.0,-21.0,-21.0,1019.73,70059.143
1463,-21.0,-21.0,-21.0,1019.5,70069.241
1464,-21.0,-21.0,-21.0,1019.86,70070.383
1465,-21.0,-21.0,-21.0,1020.31,70138.517
1466,-21.0,-21.0,-21.0,1019.78,70130.641
1467,-21.0,-21.0,-21.0,1019.85,70177.344
1468,-21.0,-21.0,-21.0,1019.45,70091.638
1469,-21.0,-21.0,-21.0,1019.72,70095.865
1470,-21.0,-21.0,-21.0,1019.96,70069.549
1471,-21.0,-21.0,-21.0,1020.21,70127.361
1472,-21.0,-21.0,-21.0,1020.03,70103.065
1473,-21.0,-21.0,-21.0,1019.53,70068.489
1474,-21.0,-21.0,-21.0,1019.11,70070.665
1475,-21.0,-21.0,-21.0,1018.92,70119.371
1476,-21.0,-21.0,-21.0,1018.77,70063.545
1477,-21.0,-21.0,-21.0,1018.89,69962.099
1478,-21.0,-21.0,-21.0,1019.25,70037.263
1479,-21.0,-21.0,-21.0,1019.22,70050.664
1480,-21.0,-21.0,-21.0,1019.29,70128.557
1481,-21.0,-21.0,-21.0,1018.72,70067.457
1482,-21.0,-21.0,-21.0,1018.68,70054.747
1483,-21.0,-21.0,-21.0,1019.24,70032.1
1484,-21.0,-21.0,-21.0,1019.17,69982.287
1485,-21.0,-21.0,-21.0,1019.26,69863.649
1486,-21.0,-21.0,-21.0,1019.36,69877.852
1487,-21.0,-21.0,-21.0,1019.36,69883.661
1488,-21.0,-21.0,-21.0,1019.58,69805.039
1489,-21.0,-21.0,-21.0,1019.39,69788.933
1490,-21.0,-21.0,-21.0,1019.46,69720.93
1491,-21.0,-21.0,-21.0,1019.02,69754.93
1492,-21.0,-21.0,-21.0,1019.05,69744.85
1493,-21.0,-21.0,-21.0,1019.63,69753.116
1494,-21.0,-21.0,-21.0,1019.46,69793.406
1495,-21.0,-21.0,-21.0,1019.62,69839.494
1496,-21.0,-21.0,-21.0,1019.63,69842.858
1497,-21.0,-21.0,-21.0,1019.64,69900.078
1498,-21.0,-21.0,-21.0,1019.2,69931.181
1499,-21.0,-21.0,-21.0,1019.08,69842.383
1500,-21.0,-21.0,-21.0,1018.92,69858.671
1501,-21.0,-21.0,-21.0,1019.16,69871.5
1502,-21.0,-21.0,-21.0,1019.04,69900.88
1503,-21.0,-21.0,-21.0,1019.3,69963.029
1504,-21.0,-21.0,-21.0,1018.9,70073.266
1505,-21.0,-21.0,-21.0,1019.55,70004.234
1506,-21.0,-21.0,-21.0,1019.69,70100.214
1507,-21.0,-21.0,-21.0,1019.69,70044.496
1508,-21.0,-21.0,-21.0,1019.35,70119.062
1509,-21.0,-21.0,-21.0,1019.36,70145.583
1510,-21.0,-21.0,-21.0,1019.86,70185.134
1511,-21.0,-21.0,-21.0,1019.82,70104.214
1512,-21.0,-21.0,-21.0,1019.82,70061.461
1513,-21.0,-21.0,-21.0,1019.78,70100.495
1514,-21.0,-21.0,-21.0,1019.78,70080.78
1515,-21.0,-21.0,-21.0,1020.38,70071.151
1516,-21.0,-21.0,-21.0,1020.47,70039.099
1517,-21.0,-21.0,-21.0,1020.47,70057.187
1518,-21.0,-21.0,-21.0,1020.14,69983.611
1519,-21.0,-21.0,-21.0,1020.27,70005.244
1520,-21.0,-21.0,-21.0,1020.67,69917.064
1521,-21.0,-21.0,-21.0,1020.62,69891.661
1522,-21.0,-21.0,-21.0,1020.62,69913.368
1523,-21.0,-21.0,-21.0,1020.47,69887.792
1524,-21.0,-21.0,-21.0,1020.51,69761.434
1525,-21.0,-21.0,-21.0,1020.52,69839.469
1526,-21.0,-21.0,-21.0,1019.53,69766.537
1527,-21.0,-21.0,-21.0,1019.53,69831.94
1528,-21.0,-21.0,-21.0,1019.86,69926.321
1529,-21.0,-21.0,-21.0,1019.97,69904.018
1530,-21.0,-21.0,-21.0,1019.74,69909.561
1531,-21.0,-21.0,-21.0,1019.03,70013.743
1532,-21.0,-21.0,-21.0,1019.03,70072.759
1533,-21.0,-21.0,-21.0,1018.53,70104.105
1534,-21.0,-21.0,-21.0,1018.5,70141.895
1535,-21.0,-21.0,-21.0,1018.33,70051.046
1536,-21.0,-21.0,-21.0,1018.02,70096.937
1537,-21.0,-21.0,-21.0,1018.02,70038.28
1538,-21.0,-21.0,-21.0,1018.34,69950.388
1539,-21.0,-21.0,-21.0,1018.1,70024.582
1540,-21.0,-21.0,-21.0,1018.69,70047.256
1541,-21.0,-21.0,-21.0,1018.23,69998.988
1542,-21.0,-21.0,-21.0,1018.23,70052.085
1543,-21.0,-21.0,-21.0,1018.18,70011.268
1544,-21.0,-21.0,-21.0,1017.91,70070.826
1545,-21.0,-21.0,-21.0,1018.25,70107.209
1546,-21.0,-21.0,-21.0,1018.65,70162.252
1547,-21.0,-21.0,-21.0,1018.65,70105.148
1548,-21.0,-21.0,-21.0,1018.94,70207.949
1549,-21.0,-21.0,-21.0,1018.76,70173.17
1550,-21.0,-21.0,-21.0,1018.41,70177.053
1551,-21.0,-21.0,-21.0,1019.31,70206.449
1552,-21.0,-21.0,-21.0,1019.31,70075.993
1553,-21.0,-21.0,-21.0,1019.38,70037.754
1554,-21.0,-21.0,-21.0,1019.59,70025.056
1555,-21.0,-21.0,-21.0,1020.2,70050.77
1556,-21.0,-21.0,-21.0,1020.79,70045.809
1557,-21.0,-21.0,-21.0,1020.79,70152.796
1558,-21.0,-21.0,-21.0,1020.95,70057.342
1559,-21.0,-21.0,-21.0,1020.64,70127.686
1560,-21.0,-21.0,-21.0,1020.5,70113.662
1561,-21.0,-21.0,-21.0,1020.32,70072.315
1562,-21.0,-21.0,-21.0,1020.32,70168.734
1563,-21.0,-21.0,-21.0,1020.63,70119.825
1564,-21.0,-21.0,-21.0,1020.55,70122.713
1565,-21.0,-21.0,-21.0,1021.21,70073.043
1566,-21.0,-21.0,-21.0,1020.83,70091.416
1567,-21.0,-21.0,-21.0,1020.83,69958.05
1568,-21.0,-21.0,-21.0,1020.03,69979.597
1569,-21.0,-21.0,-21.0,1020.13,69873.614
1570,-21.0,-21.0,-21.0,1020.35,69932.647
1571,-21.0,-21.0,-21.0,1019.94,69850.403
1572,-21.0,-21.0,-21.0,1019.94,69864.758
1573,-21.0,-21.0,-21.0,1019.62,69896.0
1574,-21.0,-21.0,-21.0,1019.32,69990.745
1575,-21.0,-21.0,-21.0,1019.01,70025.329
1576,-21.0,-21.0,-21.0,1018.66,69949.513
1577,-21.0,-21.0,-21.0,1018.69,69987.867
1578,-21.0,-21.0,-21.0,1018.94,69917.24
1579,-21.0,-21.0,-21.0,1019.07,69911.098
1580,-21.0,-21.0,-21.0,1019.39,69854.705
1581,-21.0,-21.0,-21.0,1019.36,70018.188
1582,-21.0,-21.0,-21.0,1019.19,69908.32
1583,-21.0,-21.0,-21.0,1018.84,69994.755
1584,-21.0,-21.0,-21.0,1018.96,69904.272
1585,-21.0,-21.0,-21.0,1018.51,69844.766
1586,-21.0,-21.0,-21.0,1018.33,69890.622
1587,-21.0,-21.0,-21.0,1018.17,69878.65
1588,-21.0,-21.0,-21.0,1018.09,69982.923
1589,-21.0,-21.0,-21.0,1018.28,69990.169
1590,-21.0,-21.0,-21.0,1018.32,69951.809
1591,-21.0,-21.0,-21.0,1017.78,69934.009
1592,-21.0,-21.0,-21.0,1017.88,69989.731
1593,-21.0,-21.0,-21.0,1018.39,69946.965
1594,-21.0,-21.0,-21.0,1018.37,69795.977
1595,-21.0,-21.0,-21.0,1018.73,69864.923
1596,-21.0,-21.0,-21.0,1018.9,69912.189
1597,-21.0,-21.0,-21.0,1018.79,70010.291
1598,-21.0,-21.0,-21.0,1018.03,69905.635
1599,-21.0,-21.0,-21.0,1017.99,70001.268
1600,-21.0,-21.0,-21.0,1016.96,70079.137
1601,-21.0,-21.0,-21.0,1017.14,70065.582
1602,-21.0,-21.0,-21.0,1017.18,70073.136
1603,-21.0,-21.0,-21.0,1017.44,70083.951
1604,-21.0,-21.0,-21.0,1017.6,70146.946
1605,-21.0,-21.0,-21.0,1018.01,70179.038
1606,-21.0,-21.0,-21.0,1018.26,70019.646
1607,-21.0,-21.0,-21.0,1018.47,69968.296
1608,-21.0,-21.0,-21.0,1018.82,70021.648
1609,-21.0,-21.0,-21.0,1018.88,70061.497
1610,-21.0,-21.0,-21.0,1019.18,70017.717
1611,-21.0,-21.0,-21.0,1018.87,69987.701
1612,-21.0,-21.0,-21.0,1018.88,70027.518
1613,-21.0,-21.0,-21.0,1018.77,69999.228
1614,-21.0,-21.0,-21.0,1018.69,70030.588
1615,-21.0,-21.0,-21.0,1018.68,69994.204
1616,-21.0,-21.0,-21.0,1019.0,70101.851
1617,-21.0,-21.0,-21.0,1019.01,70069.924
1618,-21.0,-21.0,-21.0,1018.78,70137.902
1619,-21.0,-21.0,-21.0,1018.75,69965.773
1620,-21.0,-21.0,-21.0,1019.09,70060.15
1621,-21.0,-21.0,-21.0,1019.23,70031.147
1622,-21.0,-21.0,-21.0,1019.19,69983.659
1623,-21.0,-21.0,-21.0,1019.61,69936.572
1624,-21.0,-21.0,-21.0,1019.59,70006.886
1625,-21.0,-21.0,-21.0,1019.12,70000.365
1626,-21.0,-21.0,-21.0,1019.12,69997.799
1627,-21.0,-21.0,-21.0,1019.11,70019.076
1628,-21.0,-21.0,-21.0,1019.19,70042.847
1629,-21.0,-21.0,-21.0,1019.19,70084.456
1630,-21.0,-21.0,-21.0,1018.86,70029.691
1631,-21.0,-21.0,-21.0,1019.0,70131.153
1632,-21.0,-21.0,-21.0,1018.91,70090.309
1633,-21.0,-21.0,-21.0,1018.48,70096.274
1634,-21.0,-21.0,-21.0,1018.6,70087.416
1635,-21.0,-21.0,-21.0,1018.7,70110.332
1636,-21.0,-21.0,-21.0,1018.9,70098.632
1637,-21.0,-21.0,-21.0,1019.07,70114.714
1638,-21.0,-21.0,-21.0,1019.16,70092.344
1639,-21.0,-21.0,-21.0,1019.06,70090.428
1640,-21.0,-21.0,-21.0,1019.26,70083.416
1641,-21.0,-21.0,-21.0,1019.42,69916.314
1642,-21.0,-21.0,-21.0,1019.19,70006.779
1643,-21.0,-21.0,-21.0,1019.26,70055.393
1644,-21.0,-21.0,-21.0,1019.07,70029.074
1645,-21.0,-21.0,-21.0,1018.74,70013.787
1646,-21.0,-21.0,-21.0,1019.02,70095.591
1647,-21.0,-21.0,-21.0,1019.4,70063.124
1648,-21.0,-21.0,-21.0,1018.94,70056.229
1649,-21.0,-21.0,-21.0,1018.81,70066.084
1650,-21.0,-21.0,-21.0,1018.54,70137.849
1651,-21.0,-21.0,-21.0,1018.22,70199.418
1652,-21.0,-21.0,-21.0,1018.45,70162.957
1653,-21.0,-21.0,-21.0,1018.4,70170.535
1654,-21.0,-21.0,-21.0,1018.45,70240.999
1655,-21.0,-21.0,-21.0,1019.0,70264.465
1656,-21.0,-21.0,-21.0,1018.87,70151.988
1657,-21.0,-21.0,-21.0,1018.47,70184.215
1658,-21.0,-21.0,-21.0,1018.52,70157.324
1659,-21.0,-21.0,-21.0,1018.39,70163.403
1660,-21.0,-21.0,-21.0,1018.47,70134.207
1661,-21.0,-21.0,-21.0,1018.08,70113.742
1662,-21.0,-21.0,-21.0,1018.06,70148.15
1663,-21.0,-21.0,-21.0,1018.24,70100.398
1664,-21.0,-21.0,-21.0,1018.36,70009.301
1665,-21.0,-21.0,-21.0,1018.76,70070.295
1666,-21.0,-21.0,-21.0,1018.76,70062.676
1667,-21.0,-21.0,-21.0,1019.01,69982.798
1668,-21.0,-21.0,-21.0,1018.26,69926.94
1669,-21.0,-21.0,-21.0,1018.37,69912.773
1670,-21.0,-21.0,-21.0,1019.03,69878.831
1671,-21.0,-21.0,-21.0,1019.14,69903.765
1672,-21.0,-21.0,-21.0,1019.37,69827.689
1673,-21.0,-21.0,-21.0,1019.05,69868.536
1674,-21.0,-21.0,-21.0,1019.37,69828.632
1675,-21.0,-21.0,-21.0,1019.23,69765.13
1676,-21.0,-21.0,-21.0,1019.15,69740.353
1677,-21.0,-21.0,-21.0,1019.17,69850.923
1678,-21.0,-21.0,-21.0,1019.45,69892.707
1679,-21.0,-21.0,-21.0,1019.31,69909.651
1680,-21.0,-21.0,-21.0,1019.55,69901.099
1681,-21.0,-21.0,-21.0,1019.74,69960.447
1682,-21.0,-21.0,-21.0,1020.01,69944.723
1683,-21.0,-21.0,-21.0,1020.01,69929.994
1684,-21.0,-21.0,-21.0,1020.26,70021.653
1685,-21.0,-21.0,-21.0,1019.73,70041.902
1686,-21.0,-21.0,-21.0,1019.6,70098.146
1687,-21.0,-21.0,-21.0,1019.62,70049.801
1688,-21.0,-21.0,-21.0,1019.65,70114.976
1689,-21.0,-21.0,-21.0,1019.7,70121.651
1690,-21.0,-21.0,-21.0,1019.2,70155.347
1691,-21.0,-21.0,-21.0,1019.05,70080.833
1692,-21.0,-21.0,-21.0,1019.22,70112.259
1693,-21.0,-21.0,-21.0,1019.69,70210.069
1694,-21.0,-21.0,-21.0,1019.74,70137.324
1695,-21.0,-21.0,-21.0,1019.51,70118.076
1696,-21.0,-21.0,-21.0,1019.24,70101.816
1697,-21.0,-21.0,-21.0,1019.24,70159.515
1698,-21.0,-21.0,-21.0,1019.48,70029.076
1699,-21.0,-21.0,-21.0,1019.49,70058.085
1700,-21.0,-21.0,-21.0,1019.35,69947.724
1701,-21.0,-21.0,-21.0,1019.33,69963.692
1702,-21.0,-21.0,-21.0,1019.4,70069.031
1703,-21.0,-21.0,-21.0,1018.79,70011.525
1704,-21.0,-21.0,-21.0,1018.91,70022.008
1705,-21.0,-21.0,-21.0,1019.02,69988.454
1706,-21.0,-21.0,-21.0,1019.01,69992.751
1707,-21.0,-21.0,-21.0,1019.34,69901.401
1708,-21.0,-21.0,-21.0,1019.36,70031.722
1709,-21.0,-21.0,-21.0,1019.46,69964.208
1710,-21.0,-21.0,-21.0,1019.59,69990.734
1711,-21.0,-21.0,-21.0,1019.97,70012.441
1712,-21.0,-21.0,-21.0,1020.06,69913.82
1713,-21.0,-21.0,-21.0,1019.56,69855.035
1714,-21.0,-21.0,-21.0,1019.46,69801.322
1715,-21.0,-21.0,-21.0,1019.82,69845.982
1716,-21.0,-21.0,-21.0,1019.82,69853.885
1717,-21.0,-21.0,-21.0,1020.19,69856.137
1718,-21.0,-21.0,-21.0,1019.75,69823.4
1719,-21.0,-21.0,-21.0,1019.66,69882.012
1720,-21.0,-21.0,-21.0,1019.99,69893.949
1721,-21.0,-21.0,-21.0,1020.44,69982.695
1722,-21.0,-21.0,-21.0,1020.3,69953.836
1723,-21.0,-21.0,-21.0,1020.08,69949.935
1724,-21.0,-21.0,-21.0,1020.2,70032.254
1725,-21.0,-21.0,-21.0,1020.35,70008.47
1726,-21.0,-21.0,-21.0,1020.29,70005.365
1727,-21.0,-21.0,-21.0,1020.62,70046.764
1728,-21.0,-21.0,-21.0,1020.2,70007.607
1729,-21.0,-21.0,-21.0,1020.19,69954.556
1730,-21.0,-21.0,-21.0,1020.11,70062.002
1731,-21.0,-21.0,-21.0,1019.86,70001.013
1732,-21.0,-21.0,-21.0,1019.35,70028.59
1733,-21.0,-21.0,-21.0,1019.13,70047.56
1734,-21.0,-21.0,-21.0,1019.08,70022.959
1735,-21.0,-21.0,-21.0,1019.64,69957.51
1736,-21.0,-21.0,-21.0,1019.65,69961.55
1737,-21.0,-21.0,-21.0,1019.46,69931.004
1738,-21.0,-21.0,-21.0,1019.17,69974.038
1739,-21.0,-21.0,-21.0,1019.26,70019.666
1740,-21.0,-21.0,-21.0,1018.94,69973.962
1741,-21.0,-21.0,-21.0,1018.65,69954.781
1742,-21.0,-21.0,-21.0,1017.91,69905.414
1743,-21.0,-21.0,-21.0,1017.51,69920.558
1744,-21.0,-21.0,-21.0,1017.56,69864.313
1745,-21.0,-21.0,-21.0,1017.49,69915.296
1746,-21.0,-21.0,-21.0,1017.76,69851.173
1747,-21.0,-21.0,-21.0,1017.82,69906.551
1748,-21.0,-21.0,-21.0,1017.51,69924.673
1749,-21.0,-21.0,-21.0,1017.39,69959.134
1750,-21.0,-21.0,-21.0,1017.72,69919.002
1751,-21.0,-21.0,-21.0,1017.75,69969.695
1752,-21.0,-21.0,-21.0,1018.14,69974.591
1753,-21.0,-21.0,-21.0,1018.24,69951.442
1754,-21.0,-21.0,-21.0,1018.24,70079.782
1755,-21.0,-21.0,-21.0,1018.5,70081.526
1756,-21.0,-21.0,-21.0,1018.44,70142.74
1757,-21.0,-21.0,-21.0,1018.04,70119.013
1758,-21.0,-21.0,-21.0,1017.64,70130.651
1759,-21.0,-21.0,-21.0,1017.64,70026.054
1760,-21.0,-21.0,-21.0,1017.74,70098.902
1761,-21.0,-21.0,-21.0,1018.06,70060.992
1762,-21.0,-21.0,-21.0,1018.16,70081.02
1763,-21.0,-21.0,-21.0,1018.8,70217.472
1764,-21.0,-21.0,-21.0,1018.73,70161.595
1765,-21.0,-21.0,-21.0,1018.64,70226.825
1766,-21.0,-21.0,-21.0,1018.52,70219.635
1767,-21.0,-21.0,-21.0,1018.31,70226.333
1768,-21.0,-21.0,-21.0,1018.56,70161.275
1769,-21.0,-21.0,-21.0,1018.57,70261.312
1770,-21.0,-21.0,-21.0,1019.13,70158.49
1771,-21.0,-21.0,-21.0,1019.16,70102.007
1772,-21.0,-21.0,-21.0,1019.12,70098.517
1773,-21.0,-21.0,-21.0,1018.61,69978.541
1774,-21.0,-21.0,-21.0,1018.71,69947.977
1775,-21.0,-21.0,-21.0,1018.98,69929.081
1776,-21.0,-21.0,-21.0,1018.74,69894.189
1777,-21.0,-21.0,-21.0,1018.47,69876.456
1778,-21.0,-21.0,-21.0,1018.64,69947.912
1779,-21.0,-21.0,-21.0,1018.74,69900.768
1780,-21.0,-21.0,-21.0,1018.87,69997.442
1781,-21.0,-21.0,-21.0,1018.59,70026.228
1782,-21.0,-21.0,-21.0,1018.5,70096.322
1783,-21.0,-21.0,-21.0,1018.18,70133.044
1784,-21.0,-21.0,-21.0,1018.25,70164.376
1785,-21.0,-21.0,-21.0,1018.68,70107.992
1786,-21.0,-21.0,-21.0,1018.8,70164.923
1787,-21.0,-21.0,-21.0,1019.12,70148.656
1788,-21.0,-21.0,-21.0,1018.9,70047.112
1789,-21.0,-21.0,-21.0,1019.07,70085.124
1790,-21.0,-21.0,-21.0,1019.2,70017.759
1791,-21.0,-21.0,-21.0,1018.78,69968.025
1792,-21.0,-21.0,-21.0,1018.92,69984.029
1793,-21.0,-21.0,-21.0,1018.85,69937.137
1794,-21.0,-21.0,-21.0,1019.0,69938.014
1795,-21.0,-21.0,-21.0,1018.23,69947.201
1796,-21.0,-21.0,-21.0,1018.23,69884.274
1797,-21.0,-21.0,-21.0,1018.47,69875.547
1798,-21.0,-21.0,-21.0,1018.8,69977.802
1799,-21.0,-21.0,-21.0,1018.45,69907.589
1800,-21.0,-21.0,-21.0,1018.35,69895.447
1801,-21.0,-21.0,-21.0,1018.13,69941.203
1802,-21.0,-21.0,-21.0,1018.53,69831.877
1803,-21.0,-21.0,-21.0,1018.34,69907.844
1804,-21.0,-21.0,-21.0,1018.36,69893.918
1805,-21.0,-21.0,-21.0,1018.57,69885.64
1806,-21.0,-21.0,-21.0,1018.47,69987.634
1807,-21.0,-21.0,-21.0,1018.53,70013.305
1808,-21.0,-21.0,-21.0,1018.25,69950.418
1809,-21.0,-21.0,-21.0,1018.16,69983.519
1810,-21.0,-21.0,-21.0,1017.65,69980.109
1811,-21.0,-21.0,-21.0,1017.59,69988.515
1812,-21.0,-21.0,-21.0,1017.77,70063.837
1813,-21.0,-21.0,-21.0,1017.65,70024.352
1814,-21.0,-21.0,-21.0,1017.72,70036.617
1815,-21.0,-21.0,-21.0,1018.33,70018.097
1816,-21.0,-21.0,-21.0,1018.36,69977.525
1817,-21.0,-21.0,-21.0,1018.43,69958.97
1818,-21.0,-21.0,-21.0,1018.04,69913.987
1819,-21.0,-21.0,-21.0,1018.2,69952.826
1820,-21.0,-21.0,-21.0,1018.34,69940.676
1821,-21.0,-21.0,-21.0,1018.51,69996.572
1822,-21.0,-21.0,-21.0,1018.99,69917.714
1823,-21.0,-21.0,-21.0,1018.46,69882.638
1824,-21.0,-21.0,-21.0,1018.63,69857.969
1825,-21.0,-21.0,-21.0,1018.3,69864.083
1826,-21.0,-21.0,-21.0,1018.27,69865.154
1827,-21.0,-21.0,-21.0,1017.98,69850.622
1828,-21.0,-21.0,-21.0,1017.73,69884.028
1829,-21.0,-21.0,-21.0,1017.62,69870.97
1830,-21.0,-21.0,-21.0,1017.53,69877.589
1831,-21.0,-21.0,-21.0,1017.96,69848.58
1832,-21.0,-21.0,-21.0,1018.29,69874.232
1833,-21.0,-21.0,-21.0,1018.77,69857.722
1834,-21.0,-21.0,-21.0,1018.63,69967.077
1835,-21.0,-21.0,-21.0,1018.12,70027.53
1836,-21.0,-21.0,-21.0,1018.27,70004.84
1837,-21.0,-21.0,-21.0,1018.41,70038.015
1838,-21.0,-21.0,-21.0,1018.45,70009.868
1839,-21.0,-21.0,-21.0,1018.54,70014.192
1840,-21.0,-21.0,-21.0,1018.73,70059.904
1841,-21.0,-21.0,-21.0,1018.46,69981.463
1842,-21.0,-21.0,-21.0,1018.42,70049.793
1843,-21.0,-21.0,-21.0,1018.49,70071.792
1844,-21.0,-21.0,-21.0,1018.45,69995.638
1845,-21.0,-21.0,-21.0,1018.45,69989.053
1846,-21.0,-21.0,-21.0,1018.96,70013.924
1847,-21.0,-21.0,-21.0,1019.15,70096.548
1848,-21.0,-21.0,-21.0,1018.9,70111.658
1849,-21.0,-21.0,-21.0,1018.78,70089.074
1850,-21.0,-21.0,-21.0,1018.74,70116.545
1851,-21.0,-21.0,-21.0,1018.97,70101.196
1852,-21.0,-21.0,-21.0,1018.71,70097.555
1853,-21.0,-21.0,-21.0,1018.64,70053.526
1854,-21.0,-21.0,-21.0,1018.75,70064.31
1855,-21.0,-21.0,-21.0,1018.5,70036.647
1856,-21.0,-21.0,-21.0,1018.76,70035.19
1857,-21.0,-21.0,-21.0,1018.38,69946.229
1858,-21.0,-21.0,-21.0,1018.22,69936.311
1859,-21.0,-21.0,-21.0,1018.01,69945.198
1860,-21.0,-21.0,-21.0,1018.58,69904.375
1861,-21.0,-21.0,-21.0,1019.0,69961.177
1862,-21.0,-21.0,-21.0,1019.35,69969.842
1863,-21.0,-21.0,-21.0,1019.33,70025.725
1864,-21.0,-21.0,-21.0,1019.41,70034.834
1865,-21.0,-21.0,-21.0,1019.13,70020.097
1866,-21.0,-21.0,-21.0,1019.26,69976.625
1867,-21.0,-21.0,-21.0,1019.05,69993.766
1868,-21.0,-21.0,-21.0,1019.55,70090.556
1869,-21.0,-21.0,-21.0,1019.51,70071.98
1870,-21.0,-21.0,-21.0,1019.66,70031.505
1871,-21.0,-21.0,-21.0,1019.94,70046.87
1872,-21.0,-21.0,-21.0,1020.16,69927.464
1873,-21.0,-21.0,-21.0,1020.14,69927.06
1874,-21.0,-21.0,-21.0,1020.16,69866.578
1875,-21.0,-21.0,-21.0,1020.2,69936.438
1876,-21.0,-21.0,-21.0,1020.34,70026.474
1877,-21.0,-21.0,-21.0,1020.63,70019.226
1878,-21.0,-21.0,-21.0,1020.52,69897.872
1879,-21.0,-21.0,-21.0,1020.34,69936.925
1880,-21.0,-21.0,-21.0,1019.73,69953.372
1881,-21.0,-21.0,-21.0,1019.86,69913.075
1882,-21.0,-21.0,-21.0,1019.6,70056.161
1883,-21.0,-21.0,-21.0,1019.75,70063.189
1884,-21.0,-21.0,-21.0,1020.2,70029.071
1885,-21.0,-21.0,-21.0,1019.9,69916.708
1886,-21.0,-21.0,-21.0,1020.13,69912.09
1887,-21.0,-21.0,-21.0,1020.19,69910.455
1888,-21.0,-21.0,-21.0,1020.33,70013.937
1889,-21.0,-21.0,-21.0,1020.15,70018.427
1890,-21.0,-21.0,-21.0,1020.02,70003.021
1891,-21.0,-21.0,-21.0,1019.96,70000.555
1892,-21.0,-21.0,-21.0,1019.88,69899.859
1893,-21.0,-21.0,-21.0,1019.75,69941.195
1894,-21.0,-21.0,-21.0,1019.73,69924.017
1895,-21.0,-21.0,-21.0,1019.42,70049.107
1896,-21.0,-21.0,-21.0,1018.99,69963.513
1897,-21.0,-21.0,-21.0,1019.28,69959.18
1898,-21.0,-21.0,-21.0,1018.86,69948.956
1899,-21.0,-21.0,-21.0,1019.12,69871.113
1900,-21.0,-21.0,-21.0,1019.28,69879.229
1901,-21.0,-21.0,-21.0,1019.62,69926.644
1902,-21.0,-21.0,-21.0,1019.31,69957.869
1903,-21.0,-21.0,-21.0,1019.15,69978.539
1904,-21.0,-21.0,-21.0,1019.25,70007.989
1905,-21.0,-21.0,-21.0,1019.0,69918.003
1906,-21.0,-21.0,-21.0,1019.3,69999.917
1907,-21.0,-21.0,-21.0,1019.35,70011.956
1908,-21.0,-21.0,-21.0,1019.34,70048.409
1909,-21.0,-21.0,-21.0,1019.51,70043.324
1910,-21.0,-21.0,-21.0,1019.45,70138.041
1911,-21.0,-21.0,-21.0,1019.81,70104.678
1912,-21.0,-21.0,-21.0,1019.79,70151.021
1913,-21.0,-21.0,-21.0,1019.51,70080.109
1914,-21.0,-21.0,-21.0,1019.4,70162.563
1915,-21.0,-21.0,-21.0,1019.69,70160.697
1916,-21.0,-21.0,-21.0,1019.85,70004.743
1917,-21.0,-21.0,-21.0,1019.93,69987.48
1918,-21.0,-21.0,-21.0,1019.81,69914.821
1919,-21.0,-21.0,-21.0,1019.87,70008.223
1920,-21.0,-21.0,-21.0,1019.9,69925.902
1921,-21.0,-21.0,-21.0,1019.7,70013.328
1922,-21.0,-21.0,-21.0,1019.33,69894.13
1923,-21.0,-21.0,-21.0,1019.4,69852.194
1924,-21.0,-21.0,-21.0,1019.55,69889.438
1925,-21.0,-21.0,-21.0,1019.5,69869.324
1926,-21.0,-21.0,-21.0,1019.09,69993.683
1927,-21.0,-21.0,-21.0,1019.18,69927.041
1928,-21.0,-21.0,-21.0,1019.08,69943.943
1929,-21.0,-21.0,-21.0,1019.41,69903.276
1930,-21.0,-21.0,-21.0,1019.22,69929.144
1931,-21.0,-21.0,-21.0,1019.22,69775.435
1932,-21.0,-21.0,-21.0,1019.02,69839.129
1933,-21.0,-21.0,-21.0,1018.89,69863.589
1934,-21.0,-21.0,-21.0,1018.78,69692.304
1935,-21.0,-21.0,-21.0,1018.62,69814.278
1936,-21.0,-21.0,-21.0,1018.39,69735.879
1937,-21.0,-21.0,-21.0,1018.53,69804.424
1938,-21.0,-21.0,-21.0,1018.35,69866.689
1939,-21.0,-21.0,-21.0,1018.28,69864.723
1940,-21.0,-21.0,-21.0,1018.6,69846.046
1941,-21.0,-21.0,-21.0,1018.37,69914.819
1942,-21.0,-21.0,-21.0,1018.58,69840.266
1943,-21.0,-21.0,-21.0,1018.51,69860.122
1944,-21.0,-21.0,-21.0,1018.69,70004.25
1945,-21.0,-21.0,-21.0,1018.36,69951.36
1946,-21.0,-21.0,-21.0,1018.04,69947.52
1947,-21.0,-21.0,-21.0,1018.48,69970.5
1948,-21.0,-21.0,-21.0,1018.09,69986.26
1949,-21.0,-21.0,-21.0,1017.95,69925.94
1950,-21.0,-21.0,-21.0,1017.39,69928.807
1951,-21.0,-21.0,-21.0,1017.17,70012.108
1952,-21.0,-21.0,-21.0,1017.48,70080.886
1953,-21.0,-21.0,-21.0,1017.56,70083.321
1954,-21.0,-21.0,-21.0,1018.05,69999.574
1955,-21.0,-21.0,-21.0,1018.13,70006.972
1956,-21.0,-21.0,-21.0,1018.46,69993.348
1957,-21.0,-21.0,-21.0,1018.02,69933.38
1958,-21.0,-21.0,-21.0,1018.2,69882.235
1959,-21.0,-21.0,-21.0,1018.3,69835.535
1960,-21.0,-21.0,-21.0,1018.27,69749.242
1961,-21.0,-21.0,-21.0,1018.29,69065.111
1962,-21.0,-21.0,-21.0,1018.52,67800.561
1963,-21.0,-21.0,-21.0,1018.54,66503.926
1964,-21.0,-21.0,-21.0,1018.87,65362.773
1965,-21.0,-21.0,-21.0,1018.85,64082.573
1966,-21.0,-21.0,-21.0,1019.16,62830.75
1967,-21.0,-21.0,-21.0,1019.25,61623.275
1968,-21.0,-21.0,-21.0,1019.23,60329.161
1969,-21.0,-21.0,-21.0,1019.02,59188.385
1970,-21.0,-21.0,-21.0,1019.66,58027.012
1971,-21.0,-21.0,-21.0,1019.72,57361.655
1972,-21.0,-21.0,-21.0,1020.28,57436.142
1973,-21.0,-21.0,-21.0,1020.21,57514.379
1974,-21.0,-21.0,-21.0,1020.04,57533.01
1975,-21.0,-21.0,-21.0,1019.69,57687.818
1976,-21.0,-21.0,-21.0,1019.82,58003.608
1977,-21.0,-21.0,-21.0,1019.83,58164.726
1978,-21.0,-21.0,-21.0,1019.81,58340.801
1979,-21.0,-21.0,-21.0,1019.62,58512.712
1980,-21.0,-21.0,-21.0,1019.63,58680.168
1981,-21.0,-21.0,-21.0,1019.67,58987.929
1982,-21.0,-21.0,-21.0,1019.33,59325.771
1983,-21.0,-21.0,-21.0,1019.12,59587.712
1984,-21.0,-21.0,-21.0,1018.93,59571.58
1985,-21.0,-21.0,-21.0,1018.62,59656.442
1986,-21.0,-21.0,-21.0,1018.6,59481.22
1987,-21.0,-21.0,-21.0,1018.58,59581.643
1988,-21.0,-21.0,-21.0,1018.83,59595.53
1989,-21.0,-21.0,-21.0,1019.11,59470.035
1990,-21.0,-21.0,-21.0,1019.13,59556.319
1991,-21.0,-21.0,-21.0,1018.97,59629.624
1992,-21.0,-21.0,-21.0,1019.14,59432.6
1993,-21.0,-21.0,-21.0,1018.61,59298.948
1994,-21.0,-21.0,-21.0,1018.67,59436.51
1995,-21.0,-21.0,-21.0,1019.37,59297.737
1996,-21.0,-21.0,-21.0,1019.0,59371.129
1997,-21.0,-21.0,-21.0,1018.65,59299.854
1998,-21.0,-21.0,-21.0,1018.92,59229.989
1999,-21.0,-21.0,-21.0,1019.29,59283.734
2000,-21.0,-21.0,-21.0,1019.49,59244.188
